Date Local,pm25_aqi,ozone_aqi,AQI,temperature_2m_max,temperature_2m_min,precipitation_sum,windspeed_10m_max,winddirection_10m_dominant,dewpoint_2m_mean,relative_humidity_2m_mean,pressure_msl_mean,cloudcover_mean,shortwave_radiation_sum,month,day_of_week,is_weekend,aqi_lag_1,aqi_lag_2,aqi_lag_3,aqi_lag_7,aqi_lag_14,ozone_dominant,ozone_dominant_lag1,had_rain,days_since_rain,aqi_rolling_7d_mean,aqi_rolling_7d_std
2020-03-01,38.0,43.0,43.0,15.4,10.8,1.6,22.0,186,6.8,67,1014.6,86,9.98,3,6,1,46.0,40.0,44.0,51.0,66.0,1,0.0,0,21.0,48.142857142857146,6.693991620066738
2020-03-02,24.0,40.0,40.0,22.0,8.1,1.3,23.3,300,-0.1,44,1011.6,23,19.51,3,0,0,43.0,46.0,40.0,60.0,74.0,1,1.0,0,22.0,47.0,6.806859285554039
2020-03-03,37.0,36.0,37.0,28.1,10.4,0.0,28.4,298,-3.3,27,1013.2,0,20.38,3,1,0,40.0,43.0,46.0,52.0,77.0,0,1.0,0,23.0,44.142857142857146,4.099941927579436
2020-03-04,63.0,37.0,63.0,24.1,10.3,0.0,17.0,148,8.3,63,1019.0,44,19.89,3,2,0,37.0,40.0,43.0,44.0,85.0,0,0.0,0,24.0,42.0,3.109126351029607
2020-03-05,62.0,47.0,62.0,24.8,10.6,0.0,17.9,233,10.3,72,1019.6,83,19.27,3,3,0,63.0,37.0,40.0,44.0,63.0,0,0.0,0,25.0,44.714285714285715,8.59678788296896
2020-03-06,71.0,41.0,71.0,22.7,10.8,0.0,17.5,173,10.9,77,1016.2,67,18.1,3,4,0,62.0,63.0,37.0,40.0,55.0,0,0.0,0,26.0,47.285714285714285,10.76590738882524
2020-03-07,18.0,36.0,36.0,17.8,11.2,1.6,22.4,212,9.1,75,1015.9,88,12.07,3,5,1,71.0,62.0,63.0,46.0,38.0,1,0.0,0,27.0,51.714285714285715,13.338094388058659
2020-03-08,14.0,36.0,36.0,18.9,9.9,1.3,19.4,220,7.4,68,1016.6,70,17.24,3,6,1,36.0,71.0,62.0,43.0,51.0,1,1.0,0,28.0,50.285714285714285,14.534032311719114
2020-03-09,19.0,31.0,31.0,23.0,9.2,0.0,31.9,106,4.3,52,1018.2,94,12.04,3,0,0,36.0,36.0,71.0,40.0,60.0,1,1.0,0,29.0,49.285714285714285,15.337473561121312
2020-03-10,22.0,24.0,24.0,18.1,13.3,28.6,21.7,109,13.1,87,1016.7,90,6.65,3,1,0,31.0,36.0,36.0,37.0,52.0,1,1.0,1,0.0,48.0,16.57307052620807
2020-03-11,21.0,35.0,35.0,19.6,13.6,7.4,10.7,146,12.7,82,1016.3,57,13.92,3,2,0,24.0,31.0,36.0,63.0,44.0,1,1.0,1,0.0,46.142857142857146,18.61387091596454
2020-03-12,39.0,27.0,39.0,17.1,11.5,16.6,25.0,242,11.8,86,1010.3,67,7.64,3,3,0,35.0,24.0,31.0,62.0,44.0,0,1.0,1,0.0,42.142857142857146,17.353468158925963
2020-03-13,29.0,31.0,31.0,15.7,11.8,24.7,13.7,118,11.5,91,1012.8,92,6.75,3,4,0,39.0,35.0,24.0,71.0,40.0,1,0.0,1,0.0,38.857142857142854,14.982529508604035
2020-03-14,34.0,36.0,36.0,16.2,10.9,5.4,11.8,153,11.1,88,1019.0,81,8.24,3,5,1,31.0,39.0,35.0,36.0,46.0,1,1.0,1,0.0,33.142857142857146,4.94734175858014
2020-03-15,24.0,40.0,40.0,16.9,10.9,1.4,18.2,223,9.2,77,1019.9,68,17.7,3,6,1,36.0,31.0,39.0,36.0,43.0,1,1.0,0,1.0,33.142857142857146,4.94734175858014
2020-03-16,33.0,34.0,34.0,15.6,10.3,11.3,27.8,160,9.0,81,1016.2,71,8.96,3,0,0,40.0,36.0,31.0,31.0,40.0,1,1.0,1,0.0,33.714285714285715,5.52914356581821
2020-03-17,22.0,38.0,38.0,13.9,5.5,0.4,10.3,303,6.5,79,1014.9,25,17.28,3,1,0,34.0,40.0,36.0,24.0,37.0,1,1.0,0,1.0,34.142857142857146,5.398412465054654
2020-03-18,25.0,41.0,41.0,16.1,5.0,0.0,21.8,255,4.3,69,1009.7,58,19.56,3,2,0,38.0,34.0,40.0,35.0,63.0,1,1.0,0,2.0,36.142857142857146,3.1320159337915405
2020-03-19,26.0,40.0,40.0,14.9,7.2,4.0,15.1,128,7.4,80,1017.6,47,15.53,3,3,0,41.0,38.0,34.0,39.0,62.0,1,1.0,1,0.0,37.0,3.559026084010475
2020-03-20,21.0,38.0,38.0,16.8,9.2,1.5,12.7,110,8.6,77,1022.0,79,13.83,3,4,0,40.0,41.0,38.0,31.0,71.0,1,1.0,0,1.0,37.142857142857146,3.670993118515853
2020-03-21,17.0,42.0,42.0,17.3,11.1,2.2,14.7,224,9.9,77,1020.6,63,17.74,3,5,1,38.0,40.0,41.0,36.0,36.0,1,1.0,0,2.0,38.142857142857146,2.4784787961282633
2020-03-22,19.0,40.0,40.0,19.6,10.1,19.2,15.7,124,9.9,78,1019.5,76,14.77,3,6,1,42.0,38.0,40.0,40.0,36.0,1,1.0,1,0.0,39.0,2.6457513110646396
2020-03-23,14.0,40.0,40.0,16.7,11.2,8.6,19.8,242,10.5,82,1019.9,59,17.51,3,0,0,40.0,42.0,38.0,34.0,31.0,1,1.0,1,0.0,39.0,2.6457513110646396
2020-03-24,21.0,39.0,39.0,17.4,9.2,1.0,16.6,226,9.2,80,1021.1,49,18.51,3,1,0,40.0,40.0,42.0,38.0,24.0,1,1.0,0,1.0,39.857142857142854,1.463850109422888
2020-03-25,13.0,40.0,40.0,15.8,10.4,1.1,21.5,238,8.3,75,1017.7,70,16.91,3,2,0,39.0,40.0,40.0,41.0,35.0,1,1.0,0,2.0,40.0,1.2909944487359055
2020-03-26,16.0,42.0,42.0,15.5,4.9,1.0,26.0,271,4.0,67,1015.9,18,22.7,3,3,0,40.0,39.0,40.0,40.0,39.0,1,1.0,0,3.0,39.857142857142854,1.2149857925880188
2020-03-27,29.0,43.0,43.0,17.2,4.8,0.0,25.6,244,3.7,66,1018.5,6,24.15,3,4,0,42.0,40.0,39.0,38.0,31.0,1,1.0,0,4.0,40.142857142857146,1.4638501094228864
2020-03-28,38.0,45.0,45.0,18.5,7.8,0.0,15.8,162,6.2,66,1020.8,52,22.11,3,5,1,43.0,42.0,40.0,42.0,36.0,1,1.0,0,5.0,40.857142857142854,1.4638501094228802
2020-03-29,46.0,45.0,46.0,18.1,8.2,0.6,18.2,244,8.4,76,1018.9,22,20.38,3,6,1,45.0,43.0,42.0,40.0,40.0,0,1.0,0,6.0,41.285714285714285,2.138089935299447
2020-03-30,38.0,44.0,44.0,22.4,7.8,0.0,19.1,47,8.5,72,1021.9,17,24.21,3,0,0,46.0,45.0,43.0,40.0,34.0,1,0.0,0,7.0,42.142857142857146,2.672612419124281
2020-03-31,51.0,58.0,58.0,25.4,10.9,0.0,17.3,145,7.5,54,1016.0,97,20.25,3,1,0,44.0,46.0,45.0,39.0,38.0,1,1.0,0,8.0,42.714285714285715,2.5634797778466587
2020-04-01,53.0,51.0,53.0,24.0,11.2,0.0,17.7,172,10.5,70,1011.1,44,23.66,4,2,0,58.0,44.0,46.0,40.0,41.0,0,1.0,0,9.0,45.42857142857143,5.883795341363235
2020-04-02,52.0,45.0,52.0,22.9,12.9,0.1,20.9,174,10.3,69,1013.7,49,20.47,4,3,0,53.0,58.0,44.0,42.0,40.0,0,0.0,0,10.0,47.285714285714285,5.936168397046639
2020-04-03,54.0,45.0,54.0,21.6,10.9,0.0,19.3,220,8.8,68,1013.9,22,23.97,4,4,0,52.0,53.0,58.0,43.0,38.0,0,0.0,0,11.0,48.714285714285715,5.64843003893665
2020-04-04,54.0,46.0,54.0,20.8,11.8,0.5,20.1,173,10.0,73,1012.3,59,16.34,4,5,1,54.0,52.0,53.0,45.0,42.0,0,0.0,0,12.0,50.285714285714285,5.31395288256258
2020-04-05,18.0,32.0,32.0,18.1,12.2,2.7,18.1,208,8.9,70,1011.9,92,13.32,4,6,1,54.0,54.0,52.0,46.0,40.0,1,0.0,1,0.0,51.57142857142857,4.894116973712503
2020-04-06,9.0,36.0,36.0,16.0,11.8,31.7,18.3,185,10.9,85,1013.0,95,8.21,4,0,0,32.0,54.0,54.0,44.0,40.0,1,1.0,1,0.0,49.57142857142857,8.829064557040056
2020-04-07,18.0,36.0,36.0,16.1,10.3,13.8,20.0,113,10.1,87,1016.4,83,10.21,4,1,0,36.0,32.0,54.0,58.0,39.0,1,1.0,1,0.0,48.42857142857143,10.097147168996843
2020-04-08,14.0,40.0,40.0,14.9,9.3,11.6,14.8,154,8.5,82,1016.8,92,16.49,4,2,0,36.0,36.0,32.0,53.0,40.0,1,1.0,1,0.0,45.285714285714285,10.04513623126944
2020-04-09,10.0,31.0,31.0,12.6,9.7,19.4,17.1,87,8.6,87,1019.5,99,4.33,4,3,0,40.0,36.0,36.0,52.0,42.0,1,1.0,1,0.0,43.42857142857143,9.571783930858855
2020-04-10,14.0,38.0,38.0,15.6,9.4,8.9,19.5,56,7.8,77,1016.0,83,13.6,4,4,0,31.0,40.0,36.0,54.0,43.0,1,1.0,1,0.0,40.42857142857143,9.727232269204219
2020-04-11,34.0,43.0,43.0,21.0,7.8,0.0,19.1,166,10.3,82,1015.1,37,21.77,4,5,1,38.0,31.0,40.0,54.0,45.0,1,1.0,0,1.0,38.142857142857146,7.668736780560675
2020-04-12,31.0,33.0,33.0,16.5,11.8,2.4,14.8,140,11.6,86,1017.5,94,9.24,4,6,1,43.0,38.0,31.0,32.0,46.0,1,1.0,0,2.0,36.57142857142857,4.237025012007987
2020-04-13,23.0,36.0,36.0,17.4,11.4,0.1,19.3,237,11.4,84,1019.7,65,15.5,4,0,0,33.0,43.0,38.0,36.0,44.0,1,1.0,0,3.0,36.714285714285715,4.0708019567928995
2020-04-14,45.0,44.0,45.0,22.8,10.2,0.0,18.3,252,11.5,81,1019.8,41,22.35,4,1,0,36.0,33.0,43.0,36.0,58.0,0,1.0,0,4.0,36.714285714285715,4.0708019567928995
2020-04-15,41.0,54.0,54.0,25.1,8.4,0.0,17.3,231,7.2,57,1016.6,0,26.95,4,2,0,45.0,36.0,33.0,40.0,53.0,1,0.0,0,5.0,38.0,5.099019513592813
2020-04-16,53.0,51.0,53.0,22.1,11.2,0.0,15.0,148,10.9,75,1013.6,5,26.36,4,3,0,54.0,45.0,36.0,31.0,52.0,0,1.0,0,6.0,40.0,7.958224257542228
2020-04-17,31.0,36.0,36.0,19.2,11.4,0.6,13.6,179,11.1,81,1014.7,76,15.35,4,4,0,53.0,54.0,45.0,38.0,54.0,1,0.0,0,7.0,43.142857142857146,8.153293228885527
2020-04-18,28.0,36.0,36.0,19.0,11.9,1.7,19.9,222,11.0,78,1017.4,60,19.01,4,5,1,36.0,53.0,54.0,43.0,54.0,1,1.0,0,8.0,42.857142857142854,8.395009855633917
2020-04-19,29.0,38.0,38.0,19.2,9.9,0.0,18.0,228,10.2,77,1017.6,62,21.45,4,6,1,36.0,36.0,53.0,33.0,32.0,1,1.0,0,9.0,41.857142857142854,8.783100656536808
2020-04-20,43.0,38.0,43.0,18.5,11.1,0.3,15.3,212,11.2,79,1018.0,76,13.91,4,0,0,38.0,36.0,36.0,36.0,36.0,0,1.0,0,10.0,42.57142857142857,8.121107126025434
2020-04-21,51.0,41.0,51.0,23.6,11.8,0.0,25.7,226,10.9,72,1018.3,11,26.32,4,1,0,43.0,38.0,36.0,45.0,36.0,0,0.0,0,11.0,43.57142857142857,7.590721152765904
2020-04-22,52.0,61.0,61.0,31.4,10.6,0.0,27.9,297,9.4,56,1018.1,2,27.11,4,2,0,51.0,43.0,38.0,54.0,40.0,1,0.0,0,12.0,44.42857142857143,8.100558475750157
2020-04-23,60.0,51.0,60.0,33.1,14.2,0.0,20.9,209,9.5,44,1013.7,1,27.04,4,3,0,61.0,51.0,43.0,53.0,31.0,0,1.0,0,13.0,45.42857142857143,9.744351233016031
2020-04-24,56.0,80.0,80.0,36.3,14.9,0.0,21.3,253,8.6,40,1012.1,8,27.2,4,4,0,60.0,61.0,51.0,36.0,38.0,1,0.0,0,14.0,46.42857142857143,10.93704931044236
2020-04-25,57.0,166.0,166.0,34.2,16.8,0.0,16.1,154,11.5,47,1013.2,17,27.41,4,5,1,80.0,60.0,61.0,36.0,43.0,1,1.0,0,15.0,52.714285714285715,15.596092306667565
2020-04-26,62.0,129.0,129.0,31.6,15.7,0.0,17.7,196,12.6,57,1013.3,68,25.94,4,6,1,166.0,80.0,60.0,38.0,33.0,1,1.0,0,16.0,71.28571428571429,43.96860351703355
2020-04-27,57.0,87.0,87.0,28.6,15.1,0.0,18.5,183,12.9,63,1014.2,6,26.83,4,0,0,129.0,166.0,80.0,43.0,36.0,1,1.0,0,17.0,84.28571428571429,45.89740110911976
2020-04-28,61.0,100.0,100.0,30.8,15.8,0.0,18.6,208,13.9,66,1014.6,0,27.3,4,1,0,87.0,129.0,166.0,51.0,45.0,1,1.0,0,18.0,90.57142857142857,42.16181978542965
2020-04-29,69.0,54.0,69.0,28.0,14.3,0.0,18.1,207,14.8,79,1015.0,74,23.12,4,2,0,100.0,87.0,129.0,61.0,54.0,0,1.0,0,19.0,97.57142857142857,38.39642840533106
2020-04-30,63.0,54.0,63.0,26.1,14.9,0.0,17.6,208,14.7,78,1013.2,46,23.9,4,3,0,69.0,100.0,87.0,60.0,53.0,0,0.0,0,20.0,98.71428571428571,37.227741831929066
2020-05-01,54.0,49.0,54.0,27.7,14.7,0.0,17.2,163,13.0,69,1013.1,33,26.86,5,4,0,63.0,69.0,100.0,80.0,36.0,0,0.0,0,21.0,99.14285714285714,36.72160386579254
2020-05-02,53.0,48.0,53.0,27.0,14.2,0.0,21.2,185,12.4,69,1015.4,42,26.48,5,5,1,54.0,63.0,69.0,166.0,36.0,0,0.0,0,22.0,95.42857142857143,40.13667127394074
2020-05-03,52.0,38.0,52.0,26.4,13.4,0.0,21.8,191,12.3,70,1016.3,25,26.85,5,6,1,53.0,54.0,63.0,129.0,38.0,0,0.0,0,23.0,79.28571428571429,27.87301135336405
2020-05-04,60.0,90.0,90.0,29.1,12.4,0.0,16.3,144,11.2,62,1014.8,8,27.29,5,0,0,52.0,53.0,54.0,87.0,43.0,1,0.0,0,24.0,68.28571428571429,18.652205282613668
2020-05-05,59.0,87.0,87.0,33.0,17.1,0.0,19.6,230,7.7,38,1013.3,8,29.14,5,1,0,90.0,52.0,53.0,100.0,51.0,1,1.0,0,25.0,68.71428571428571,19.180843618171785
2020-05-06,57.0,159.0,159.0,34.9,18.3,0.0,21.0,200,5.1,30,1011.8,75,29.06,5,2,0,87.0,90.0,52.0,69.0,61.0,1,1.0,0,26.0,66.85714285714286,16.01487403872381
2020-05-07,62.0,201.0,201.0,35.6,17.9,0.0,19.8,209,7.7,35,1010.2,95,28.52,5,3,0,159.0,87.0,90.0,63.0,60.0,1,1.0,0,27.0,79.71428571428571,38.443526918127084
2020-05-08,71.0,136.0,136.0,31.5,15.2,0.0,17.9,197,13.5,63,1011.6,37,29.01,5,4,0,201.0,159.0,87.0,54.0,80.0,1,1.0,0,28.0,99.42857142857143,58.562949444329114
2020-05-09,68.0,93.0,93.0,27.1,15.1,0.0,16.8,219,14.1,73,1013.0,46,25.83,5,5,1,136.0,201.0,159.0,53.0,166.0,1,1.0,0,29.0,111.14285714285714,56.111283985275094
2020-05-10,58.0,67.0,67.0,24.5,14.0,0.1,17.4,227,13.3,75,1014.3,39,24.78,5,6,1,93.0,136.0,201.0,52.0,129.0,1,1.0,0,30.0,116.85714285714286,51.007935890501614
2020-05-11,48.0,51.0,51.0,24.3,13.9,0.0,20.6,233,11.5,68,1015.3,30,25.87,5,0,0,67.0,93.0,136.0,90.0,87.0,1,1.0,0,31.0,119.0,48.05899152777413
2020-05-12,29.0,33.0,33.0,22.7,12.3,0.0,26.7,225,10.9,67,1015.6,24,22.17,5,1,0,51.0,67.0,93.0,87.0,100.0,1,1.0,0,32.0,113.42857142857143,53.88833251226447
2020-05-13,37.0,42.0,42.0,24.8,13.1,0.0,19.3,213,9.9,62,1015.2,23,28.25,5,2,0,33.0,51.0,67.0,159.0,69.0,1,1.0,0,33.0,105.71428571428571,61.613619397322324
2020-05-14,48.0,42.0,48.0,27.0,13.4,0.0,28.3,178,11.3,63,1014.7,11,27.98,5,3,0,42.0,33.0,51.0,201.0,63.0,0,1.0,0,34.0,89.0,60.610780119271396
2020-05-15,52.0,51.0,52.0,26.8,14.4,0.0,19.6,196,12.1,64,1012.6,6,28.44,5,4,0,48.0,42.0,33.0,136.0,54.0,0,0.0,0,35.0,67.14285714285714,36.135986548169974
2020-05-16,54.0,74.0,74.0,29.7,14.9,0.0,18.9,214,11.7,57,1010.7,37,28.69,5,5,1,52.0,48.0,42.0,93.0,53.0,1,0.0,0,36.0,55.142857142857146,19.64203461481322
2020-05-17,52.0,49.0,52.0,28.0,15.0,0.0,18.6,199,13.5,67,1011.8,35,28.92,5,6,1,74.0,52.0,48.0,67.0,52.0,0,1.0,0,37.0,52.42857142857143,14.057704208690849
2020-05-18,19.0,34.0,34.0,21.8,15.2,5.1,22.7,238,13.7,76,1014.0,59,15.22,5,0,0,52.0,74.0,52.0,51.0,90.0,1,0.0,1,0.0,50.285714285714285,12.526163095886886
2020-05-19,31.0,39.0,39.0,22.3,12.4,0.0,22.4,232,9.8,65,1015.0,13,26.28,5,1,0,34.0,52.0,74.0,33.0,87.0,1,1.0,0,1.0,47.857142857142854,13.93351560600747
2020-05-20,39.0,42.0,42.0,23.9,11.9,0.0,23.6,224,10.2,64,1016.4,12,29.16,5,2,0,39.0,34.0,52.0,42.0,159.0,1,1.0,0,2.0,48.714285714285715,13.021959475110693
2020-05-21,53.0,77.0,77.0,29.5,12.4,0.0,21.8,237,7.7,47,1012.9,0,29.92,5,3,0,42.0,39.0,34.0,48.0,201.0,1,1.0,0,3.0,48.714285714285715,13.021959475110693
2020-05-22,55.0,48.0,55.0,26.6,14.4,0.0,19.5,158,12.4,68,1011.7,30,27.94,5,4,0,77.0,42.0,39.0,52.0,136.0,0,1.0,0,4.0,52.857142857142854,16.816941571210876
2020-05-23,56.0,51.0,56.0,25.0,14.6,0.0,21.3,201,11.8,66,1012.7,19,27.79,5,5,1,55.0,77.0,42.0,74.0,93.0,0,0.0,0,5.0,53.285714285714285,16.82967899985297
2020-05-24,65.0,77.0,77.0,28.2,13.1,0.0,19.6,196,12.4,68,1012.9,21,27.44,5,6,1,56.0,55.0,77.0,52.0,67.0,1,0.0,0,6.0,50.714285714285715,14.32613329681432
2020-05-25,67.0,67.0,67.0,29.6,14.6,0.0,17.5,199,12.5,63,1011.7,6,29.03,5,0,0,77.0,56.0,55.0,34.0,51.0,0,1.0,0,7.0,54.285714285714285,17.471064513591955
2020-05-26,62.0,87.0,87.0,31.9,14.6,0.0,21.7,203,12.3,61,1011.6,1,29.35,5,1,0,67.0,77.0,56.0,39.0,33.0,1,0.0,0,8.0,59.0,15.416441439796138
2020-05-27,60.0,93.0,93.0,29.5,14.8,0.0,17.3,196,12.9,65,1012.6,1,29.32,5,2,0,87.0,67.0,77.0,42.0,42.0,1,1.0,0,9.0,65.85714285714286,15.710172621888056
2020-05-28,52.0,58.0,58.0,26.6,13.9,0.0,17.1,215,13.7,74,1014.0,23,28.12,5,3,0,93.0,87.0,67.0,77.0,48.0,1,1.0,0,10.0,73.14285714285714,14.587992453025237
2020-05-29,28.0,31.0,31.0,24.8,14.9,0.0,15.5,213,13.6,75,1015.0,54,21.37,5,4,0,58.0,93.0,87.0,55.0,52.0,1,1.0,0,11.0,70.42857142857143,15.490396410433732
2020-05-30,24.0,32.0,32.0,25.8,13.9,0.0,26.8,246,12.4,69,1014.8,49,27.13,5,5,1,31.0,58.0,93.0,56.0,74.0,1,1.0,0,12.0,67.0,21.11081871142528
2020-05-31,42.0,44.0,44.0,26.2,14.1,0.1,18.5,212,12.6,68,1013.1,77,26.68,5,6,1,32.0,31.0,58.0,77.0,52.0,1,1.0,0,13.0,63.57142857142857,24.818387960388918
2021-03-01,31.0,42.0,42.0,25.4,7.2,0.0,22.4,66,-9.9,20,1020.7,1,20.52,3,0,0,52.0,55.0,52.0,39.0,52.0,1,0.0,0,31.0,50.714285714285715,7.521398046334659
2021-03-02,37.0,44.0,44.0,24.7,9.3,0.0,20.6,179,-7.0,25,1013.3,22,20.67,3,1,0,42.0,52.0,55.0,42.0,41.0,1,1.0,0,32.0,51.142857142857146,6.792853387409117
2021-03-03,52.0,43.0,52.0,13.4,6.6,5.0,20.3,109,5.5,70,1011.6,44,6.88,3,2,0,44.0,42.0,52.0,55.0,39.0,0,1.0,1,0.0,51.42857142857143,6.373307431704992
2021-03-04,46.0,44.0,46.0,18.5,5.4,0.0,14.8,306,6.3,72,1022.7,0,20.06,3,3,0,52.0,44.0,42.0,60.0,43.0,0,0.0,0,1.0,51.0,6.191391873667153
2021-03-05,53.0,51.0,53.0,25.0,8.8,0.0,18.4,253,4.7,50,1019.5,3,20.77,3,4,0,46.0,52.0,44.0,52.0,50.0,0,0.0,0,2.0,49.0,4.9328828623139875
2021-03-06,56.0,44.0,56.0,21.0,7.7,0.0,14.5,134,8.1,73,1016.4,14,20.46,3,5,1,53.0,46.0,52.0,55.0,49.0,0,0.0,0,3.0,49.142857142857146,5.047394424469741
2021-03-07,46.0,38.0,46.0,18.0,10.5,0.0,15.9,148,9.2,77,1017.4,96,10.71,3,6,1,56.0,53.0,46.0,52.0,43.0,0,0.0,0,4.0,49.285714285714285,5.250850271280487
2021-03-08,36.0,41.0,41.0,19.2,11.1,0.3,18.9,195,8.5,70,1020.7,71,16.48,3,0,0,46.0,56.0,53.0,42.0,39.0,1,0.0,0,5.0,48.42857142857143,5.223572942507055
2021-03-09,38.0,43.0,43.0,18.4,7.2,0.2,29.4,250,5.3,66,1020.1,13,20.19,3,1,0,41.0,46.0,56.0,44.0,42.0,1,1.0,0,6.0,48.285714285714285,5.437961803047725
2021-03-10,14.0,40.0,40.0,13.5,8.0,9.2,21.2,229,6.7,77,1018.1,67,15.66,3,2,0,43.0,41.0,46.0,52.0,55.0,1,1.0,1,0.0,48.142857142857146,5.580578567033583
2021-03-11,17.0,42.0,42.0,12.9,5.8,3.9,12.3,119,4.9,77,1017.9,63,15.24,3,3,0,40.0,43.0,41.0,46.0,60.0,1,1.0,1,0.0,46.42857142857143,6.0237624692289495
2021-03-12,32.0,40.0,40.0,14.1,4.4,1.6,14.0,308,4.0,72,1020.8,48,17.55,3,4,0,42.0,40.0,43.0,53.0,52.0,1,1.0,0,1.0,45.857142857142854,6.256425268700486
2021-03-13,54.0,41.0,54.0,16.8,5.0,0.0,20.0,143,5.9,74,1023.7,14,20.47,3,5,1,40.0,42.0,40.0,56.0,55.0,0,1.0,0,2.0,44.0,5.68624070307524
2021-03-14,53.0,46.0,53.0,16.6,9.1,0.0,16.7,162,7.7,75,1022.9,86,14.83,3,6,1,54.0,40.0,42.0,46.0,52.0,0,0.0,0,3.0,43.714285714285715,4.990467102861023
2021-03-15,19.0,39.0,39.0,14.9,6.8,7.6,28.2,243,5.2,70,1015.2,58,12.62,3,0,0,53.0,54.0,40.0,41.0,42.0,1,0.0,1,0.0,44.714285714285715,6.102302453834266
2021-03-16,26.0,37.0,37.0,15.9,3.4,0.0,17.0,232,1.4,58,1016.9,4,22.51,3,1,0,39.0,53.0,54.0,43.0,44.0,1,1.0,0,1.0,44.42857142857143,6.347102826147586
2021-03-17,53.0,44.0,53.0,18.0,5.6,0.0,17.1,232,4.6,65,1019.5,53,19.54,3,2,0,37.0,39.0,53.0,40.0,52.0,0,1.0,0,2.0,43.57142857142857,6.948792289721318
2021-03-18,57.0,48.0,57.0,20.5,7.5,0.0,16.8,198,7.5,72,1020.0,31,20.03,3,3,0,53.0,37.0,39.0,42.0,46.0,0,0.0,0,3.0,45.42857142857143,7.54668012786799
2021-03-19,51.0,37.0,51.0,22.4,8.4,0.0,20.3,224,8.7,69,1020.2,17,22.06,3,4,0,57.0,53.0,37.0,40.0,53.0,0,0.0,0,4.0,47.57142857142857,8.482474930841718
2021-03-20,46.0,44.0,46.0,21.5,11.9,0.2,21.7,205,8.1,66,1019.8,46,18.3,3,5,1,51.0,57.0,53.0,54.0,56.0,0,0.0,0,5.0,49.142857142857146,7.84067538393015
2021-03-21,44.0,46.0,46.0,21.2,7.4,0.1,32.0,314,2.5,52,1018.1,8,21.6,3,6,1,46.0,51.0,57.0,53.0,46.0,1,0.0,0,6.0,48.0,7.593857166594857
2021-03-22,48.0,44.0,48.0,21.8,8.2,0.0,17.8,152,3.4,51,1018.1,3,23.34,3,0,0,46.0,46.0,51.0,39.0,41.0,0,1.0,0,7.0,47.0,7.280109889278945
2021-03-23,42.0,42.0,42.0,23.0,9.5,0.0,26.6,322,3.3,53,1011.3,12,22.17,3,1,0,48.0,46.0,46.0,37.0,43.0,0,0.0,0,8.0,48.285714285714285,6.369570517029076
2021-03-24,26.0,47.0,47.0,23.5,8.8,0.0,32.6,246,-7.4,20,1013.3,25,24.33,3,2,0,42.0,48.0,46.0,53.0,40.0,1,0.0,0,9.0,49.0,5.03322295684495
2021-03-25,43.0,41.0,43.0,17.5,9.5,0.3,21.6,166,6.3,68,1011.1,84,14.42,3,3,0,47.0,42.0,48.0,57.0,42.0,0,1.0,0,10.0,48.142857142857146,4.7409060817704365
2021-03-26,45.0,42.0,45.0,19.5,8.0,0.0,25.4,190,4.8,60,1014.9,17,23.31,3,4,0,43.0,47.0,42.0,51.0,40.0,0,0.0,0,11.0,46.142857142857146,3.0237157840699904
2021-03-27,56.0,48.0,56.0,25.8,6.9,0.0,18.0,263,0.7,42,1022.2,0,24.55,3,5,1,45.0,43.0,47.0,46.0,54.0,0,0.0,0,12.0,45.285714285714285,2.1380899352939235
2021-03-28,46.0,74.0,74.0,31.6,12.6,0.0,20.8,285,-3.4,22,1020.1,0,24.96,3,6,1,56.0,45.0,43.0,46.0,53.0,1,0.0,0,13.0,46.714285714285715,4.608480795020444
2021-03-29,55.0,61.0,61.0,28.9,11.4,0.0,20.9,166,2.0,34,1012.4,0,25.02,3,0,0,74.0,56.0,45.0,48.0,39.0,1,1.0,0,14.0,50.714285714285715,11.25039681839742
2021-03-30,63.0,61.0,63.0,27.1,11.5,0.0,18.0,172,8.6,63,1013.6,19,23.1,3,1,0,61.0,74.0,56.0,42.0,37.0,0,1.0,0,15.0,52.57142857142857,11.78780645210803
2021-03-31,57.0,74.0,74.0,31.7,9.9,0.0,15.8,216,-5.9,28,1017.0,5,25.87,3,2,0,63.0,61.0,74.0,47.0,53.0,1,0.0,0,16.0,55.57142857142857,11.311603818750047
2021-04-01,50.0,64.0,64.0,33.2,11.4,0.0,24.0,245,-9.0,14,1012.3,23,23.67,4,3,0,74.0,63.0,61.0,43.0,57.0,1,1.0,0,17.0,59.42857142857143,12.447987024108025
2021-04-02,59.0,67.0,67.0,26.6,11.9,0.0,15.0,148,7.6,56,1015.5,4,24.79,4,4,0,64.0,74.0,63.0,45.0,51.0,1,1.0,0,18.0,62.42857142857143,10.14654527178402
2021-04-03,72.0,74.0,74.0,24.3,10.6,0.0,15.6,201,9.4,70,1019.0,35,24.6,4,5,1,67.0,64.0,74.0,56.0,46.0,1,1.0,0,19.0,65.57142857142857,6.654751256485619
2021-04-04,62.0,90.0,90.0,26.9,9.4,0.0,16.3,174,7.7,62,1017.3,51,24.26,4,6,1,74.0,67.0,64.0,74.0,46.0,1,1.0,0,20.0,68.14285714285714,5.756983337029956
2021-04-05,56.0,42.0,56.0,23.6,11.1,0.0,14.6,145,9.8,69,1013.9,47,22.86,4,0,0,90.0,74.0,67.0,61.0,48.0,0,1.0,0,21.0,70.42857142857143,10.04750620563954
2021-04-06,58.0,47.0,58.0,24.2,10.8,0.0,18.6,167,10.1,71,1014.8,82,22.45,4,1,0,56.0,90.0,74.0,63.0,42.0,0,0.0,0,22.0,69.71428571428571,10.965313275874937
2021-04-07,60.0,67.0,67.0,26.9,10.7,0.0,18.9,205,9.3,64,1017.1,19,24.86,4,2,0,58.0,56.0,90.0,74.0,47.0,1,0.0,0,23.0,69.0,11.61895003862155
2021-04-08,60.0,47.0,60.0,26.5,11.4,0.0,26.9,176,9.0,64,1015.2,42,24.98,4,3,0,67.0,58.0,56.0,64.0,43.0,0,1.0,0,24.0,68.0,11.416362526361748
2021-04-09,65.0,64.0,65.0,27.0,11.4,0.0,20.6,198,8.8,62,1014.2,28,24.97,4,4,0,60.0,67.0,58.0,67.0,45.0,0,0.0,0,25.0,67.42857142857143,11.745313148331306
2021-04-10,68.0,80.0,80.0,27.9,11.1,0.0,17.7,144,8.2,59,1011.6,45,24.87,4,5,1,65.0,60.0,67.0,74.0,56.0,1,0.0,0,26.0,67.14285714285714,11.781745363464069
2021-04-11,72.0,67.0,72.0,25.5,12.4,0.0,16.1,174,11.0,71,1008.5,68,20.94,4,6,1,80.0,65.0,60.0,90.0,74.0,0,1.0,0,27.0,68.0,12.55653880122425
2021-04-12,68.0,64.0,68.0,22.2,13.0,0.0,19.1,207,10.6,71,1009.9,57,22.24,4,0,0,72.0,80.0,65.0,56.0,61.0,0,0.0,0,28.0,65.42857142857143,8.482474930842045
2021-04-13,59.0,44.0,59.0,19.5,12.9,1.4,16.9,220,9.7,71,1012.4,95,12.63,4,1,0,68.0,72.0,80.0,58.0,63.0,0,0.0,0,29.0,67.14285714285714,7.403345447127739
2021-04-14,56.0,49.0,56.0,18.1,11.0,0.3,19.3,224,6.6,62,1015.0,73,21.55,4,2,0,59.0,68.0,72.0,67.0,74.0,0,0.0,0,30.0,67.28571428571429,7.204495950775817
2021-04-15,61.0,46.0,61.0,21.5,8.1,0.0,21.9,207,6.9,66,1015.9,44,26.42,4,3,0,56.0,59.0,68.0,60.0,64.0,0,0.0,0,31.0,65.71428571428571,8.380817098474232
2021-04-16,62.0,51.0,62.0,23.8,10.1,0.0,23.4,219,8.4,66,1013.8,19,26.06,4,4,0,61.0,56.0,59.0,65.0,67.0,0,0.0,0,32.0,65.85714285714286,8.275034167674072
2021-04-17,65.0,58.0,65.0,25.2,11.0,0.0,19.1,190,10.3,71,1014.1,29,22.52,4,5,1,62.0,61.0,56.0,80.0,74.0,0,0.0,0,33.0,65.42857142857143,8.403514004214566
2021-04-18,44.0,54.0,54.0,32.8,10.4,0.0,18.6,351,-6.3,24,1015.0,0,28.22,4,6,1,65.0,62.0,61.0,72.0,90.0,1,0.0,0,34.0,63.285714285714285,5.4685246552195395
2021-04-19,55.0,77.0,77.0,32.5,12.9,0.0,23.2,203,-0.0,29,1014.7,0,27.89,4,0,0,54.0,65.0,62.0,68.0,56.0,1,1.0,0,35.0,60.714285714285715,4.889249625938854
2021-04-20,62.0,50.0,62.0,24.2,11.4,0.0,16.3,156,9.8,68,1012.7,29,26.41,4,1,0,77.0,54.0,65.0,59.0,58.0,0,1.0,0,36.0,62.0,7.571877794399157
2021-04-21,52.0,42.0,52.0,19.8,12.8,0.4,15.5,166,9.1,67,1012.0,80,15.63,4,2,0,62.0,77.0,54.0,56.0,67.0,0,0.0,0,37.0,62.42857142857143,7.457817885885218
2021-04-22,41.0,42.0,42.0,19.5,12.1,0.0,21.8,231,9.3,71,1013.9,74,17.55,4,3,0,52.0,62.0,77.0,61.0,60.0,1,0.0,0,38.0,61.857142857142854,8.153293228884396
2021-04-23,48.0,44.0,48.0,19.9,11.9,0.0,15.8,212,9.8,71,1016.4,89,20.42,4,4,0,42.0,52.0,62.0,62.0,65.0,0,1.0,0,39.0,59.142857142857146,11.111984092688905
2021-04-24,49.0,46.0,49.0,20.4,12.2,0.0,19.4,224,9.7,69,1015.8,64,22.08,4,5,1,48.0,42.0,52.0,65.0,80.0,0,0.0,0,40.0,57.142857142857146,11.753418955471524
2021-04-25,34.0,44.0,44.0,20.4,9.9,0.5,20.3,213,8.9,69,1012.9,76,19.85,4,6,1,49.0,48.0,42.0,54.0,72.0,1,0.0,0,41.0,54.857142857142854,11.52430144561931
2021-04-26,18.0,40.0,40.0,19.0,11.9,0.8,26.4,226,7.2,60,1011.5,68,22.17,4,0,0,44.0,49.0,48.0,77.0,68.0,1,1.0,0,42.0,53.42857142857143,12.245504520123294
2021-04-27,32.0,44.0,44.0,20.1,11.3,0.1,21.3,217,7.3,62,1013.9,36,23.35,4,1,0,40.0,44.0,49.0,62.0,59.0,1,1.0,0,43.0,48.142857142857146,7.403345447127347
2021-04-28,49.0,49.0,49.0,33.2,8.9,0.0,26.2,178,1.7,42,1016.8,1,28.82,4,2,0,44.0,40.0,44.0,52.0,56.0,0,1.0,0,44.0,45.57142857142857,4.237025012005189
2021-04-29,55.0,90.0,90.0,33.8,14.3,0.0,18.0,225,1.7,28,1018.6,6,28.54,4,3,0,49.0,44.0,40.0,42.0,61.0,1,0.0,0,45.0,45.142857142857146,3.579039509351677
2021-04-30,60.0,126.0,126.0,34.5,16.9,0.0,20.6,195,2.8,29,1016.4,24,28.72,4,4,0,90.0,49.0,44.0,48.0,62.0,1,1.0,0,46.0,52.0,17.0782512765987
2021-05-01,64.0,48.0,64.0,25.5,12.9,0.0,14.9,164,11.5,68,1013.5,84,23.97,5,5,1,126.0,90.0,49.0,49.0,65.0,0,1.0,0,47.0,63.142857142857146,32.50860691893003
2021-05-02,55.0,46.0,55.0,24.2,14.0,0.0,19.4,183,10.8,67,1010.5,40,24.29,5,6,1,64.0,126.0,90.0,44.0,54.0,0,0.0,0,48.0,65.28571428571429,31.909843234307456
2021-05-03,61.0,44.0,61.0,27.0,13.0,0.0,21.5,216,10.7,65,1010.5,35,27.17,5,0,0,55.0,64.0,126.0,40.0,77.0,0,0.0,0,49.0,66.85714285714286,30.943112165329673
2021-05-04,66.0,97.0,97.0,30.0,14.2,0.0,18.6,198,12.0,68,1012.8,32,25.2,5,1,0,61.0,55.0,64.0,44.0,62.0,1,0.0,0,50.0,69.85714285714286,28.85266349015588
2021-05-05,67.0,93.0,93.0,28.8,13.6,0.0,19.1,210,12.2,70,1013.8,37,27.8,5,2,0,97.0,61.0,55.0,49.0,52.0,1,1.0,0,51.0,77.42857142857143,27.873865554536327
2021-05-06,64.0,46.0,64.0,25.3,12.2,0.0,18.7,212,12.1,75,1016.3,44,25.12,5,3,0,93.0,97.0,61.0,90.0,42.0,0,1.0,0,52.0,83.71428571428571,25.230367190578427
2021-05-07,55.0,49.0,55.0,23.5,13.9,0.0,18.1,211,11.2,69,1015.3,44,25.63,5,4,0,64.0,93.0,97.0,126.0,48.0,0,0.0,0,53.0,80.0,26.051231576772974
2021-05-08,54.0,61.0,61.0,25.1,13.3,0.0,18.2,195,11.9,70,1013.4,40,23.61,5,5,1,55.0,64.0,93.0,64.0,49.0,1,0.0,0,54.0,69.85714285714286,17.61087326462946
2021-05-09,61.0,61.0,61.0,24.2,13.9,0.0,17.4,196,12.5,73,1012.6,51,23.05,5,6,1,61.0,55.0,64.0,55.0,44.0,0,1.0,0,55.0,69.42857142857143,17.812515664153047
2021-05-10,58.0,45.0,58.0,23.9,15.2,0.0,17.1,180,12.0,70,1012.2,60,18.89,5,0,0,61.0,61.0,55.0,61.0,40.0,0,0.0,0,56.0,70.28571428571429,17.13392624506748
2021-05-11,56.0,51.0,56.0,26.0,13.8,0.0,17.9,217,12.2,72,1013.0,42,25.64,5,1,0,58.0,61.0,61.0,97.0,44.0,0,0.0,0,57.0,69.85714285714286,17.43969200252231
2021-05-12,53.0,50.0,53.0,25.0,13.6,0.0,22.1,233,12.9,75,1016.0,44,25.17,5,2,0,56.0,58.0,61.0,93.0,49.0,0,0.0,0,58.0,64.0,13.165611772086976
2021-05-13,52.0,47.0,52.0,23.5,13.9,0.0,17.0,237,12.8,76,1016.5,42,24.35,5,3,0,53.0,56.0,58.0,64.0,90.0,0,0.0,0,59.0,58.285714285714285,3.903600291791583
2021-05-14,51.0,50.0,51.0,23.1,13.4,0.0,17.5,223,11.8,74,1014.9,48,24.85,5,4,0,52.0,53.0,56.0,55.0,126.0,0,0.0,0,60.0,56.57142857142857,3.5989416433669135
2021-05-15,36.0,46.0,46.0,22.8,13.9,0.3,19.4,197,11.0,68,1013.3,75,22.82,5,5,1,51.0,52.0,53.0,61.0,64.0,1,0.0,0,61.0,56.0,4.163331998929793
2021-05-16,20.0,41.0,41.0,20.0,14.0,0.9,15.0,220,10.2,68,1015.0,92,15.33,5,6,1,46.0,51.0,52.0,61.0,55.0,1,1.0,0,62.0,53.857142857142854,4.947341758577958
2021-05-17,29.0,44.0,44.0,22.7,13.7,0.0,21.9,227,11.1,71,1016.5,52,21.87,5,0,0,41.0,46.0,51.0,58.0,61.0,1,1.0,0,63.0,51.0,5.830951894843406
2021-05-18,41.0,49.0,49.0,25.4,12.8,0.0,18.2,205,12.1,71,1014.4,41,25.13,5,1,0,44.0,41.0,46.0,56.0,97.0,1,1.0,0,64.0,49.0,5.416025603088546
2021-05-19,52.0,54.0,54.0,24.7,14.3,0.0,18.6,196,12.1,71,1011.8,41,26.86,5,2,0,49.0,44.0,41.0,53.0,93.0,1,1.0,0,65.0,48.0,4.47213595499701
2021-05-20,55.0,49.0,55.0,25.4,14.6,0.0,20.7,164,9.9,61,1010.9,40,25.0,5,3,0,54.0,49.0,44.0,52.0,64.0,0,1.0,0,66.0,48.142857142857146,4.670066788548198
2021-05-21,50.0,44.0,50.0,24.4,11.1,0.1,30.3,246,4.7,52,1013.4,19,28.66,5,4,0,55.0,54.0,49.0,51.0,55.0,0,0.0,0,67.0,48.57142857142857,5.191568255581174
2021-05-22,54.0,44.0,54.0,22.6,11.8,0.1,23.7,193,7.7,60,1017.6,25,27.57,5,5,1,50.0,55.0,54.0,46.0,61.0,0,0.0,0,68.0,48.42857142857143,5.126959555691018
2021-05-23,54.0,43.0,54.0,24.2,10.6,0.0,21.8,229,7.1,56,1018.4,0,29.83,5,6,1,54.0,50.0,55.0,41.0,61.0,0,0.0,0,69.0,49.57142857142857,5.380741673074303
2021-05-24,54.0,84.0,84.0,32.3,12.6,0.0,22.9,256,3.7,35,1014.6,13,30.25,5,0,0,54.0,54.0,50.0,44.0,58.0,1,0.0,0,70.0,51.42857142857143,3.994043183587155
2021-05-25,57.0,80.0,80.0,31.0,16.1,0.0,20.3,189,8.0,40,1013.5,80,27.4,5,1,0,84.0,54.0,54.0,49.0,56.0,1,1.0,0,71.0,57.142857142857146,12.061351104920634
2021-05-26,62.0,43.0,62.0,27.0,14.7,0.0,17.4,167,12.9,67,1015.4,22,29.58,5,2,0,80.0,84.0,54.0,54.0,53.0,0,1.0,0,72.0,61.57142857142857,14.093227012257648
2021-05-27,60.0,51.0,60.0,24.4,13.3,0.0,17.1,190,11.4,68,1017.2,24,28.86,5,3,0,62.0,80.0,84.0,55.0,52.0,0,0.0,0,73.0,62.714285714285715,13.695671891930306
2021-05-28,59.0,71.0,71.0,25.1,12.0,0.0,18.1,207,11.8,71,1014.8,30,28.35,5,4,0,60.0,62.0,80.0,50.0,51.0,1,0.0,0,74.0,63.42857142857143,13.352367366339791
2021-05-29,55.0,47.0,55.0,23.6,14.3,0.0,16.6,180,11.9,71,1012.8,45,24.66,5,5,1,71.0,60.0,62.0,54.0,46.0,0,1.0,0,75.0,66.42857142857143,12.136132591797796
2021-05-30,55.0,48.0,55.0,25.5,12.9,0.0,17.8,216,12.0,71,1011.9,31,24.81,5,6,1,55.0,71.0,60.0,54.0,41.0,0,0.0,0,76.0,66.57142857142857,11.970201096293108
2021-05-31,56.0,51.0,56.0,26.5,14.4,0.0,16.3,222,12.8,71,1013.9,40,24.29,5,0,0,55.0,55.0,71.0,84.0,44.0,0,0.0,0,77.0,66.71428571428571,11.799919289473031
2022-03-01,39.0,43.0,43.0,30.8,9.6,0.0,20.5,214,-6.0,22,1017.4,0,20.26,3,1,0,42.0,46.0,46.0,39.0,39.0,1,0.0,0,43.0,43.0,4.830458915393546
2022-03-02,56.0,44.0,56.0,29.2,13.6,0.0,13.6,149,-4.1,21,1015.7,43,19.87,3,2,0,43.0,42.0,46.0,38.0,41.0,0,1.0,0,44.0,43.57142857142857,4.503966505835291
2022-03-03,67.0,47.0,67.0,22.5,10.6,0.7,18.9,137,7.9,63,1013.0,74,18.54,3,3,0,56.0,43.0,42.0,39.0,40.0,0,0.0,0,45.0,46.142857142857146,5.756983337029031
2022-03-04,30.0,37.0,37.0,17.9,9.9,10.9,25.0,210,8.9,75,1014.0,65,14.88,3,4,0,67.0,56.0,43.0,51.0,42.0,1,0.0,1,0.0,50.142857142857146,8.858678822271676
2022-03-05,34.0,40.0,40.0,15.7,8.5,1.1,25.8,259,4.2,63,1017.1,41,16.39,3,5,1,37.0,67.0,56.0,46.0,51.0,1,1.0,0,1.0,48.142857142857146,10.12305242879656
2022-03-06,41.0,40.0,41.0,17.4,4.3,0.0,18.4,14,2.6,60,1022.0,2,19.9,3,6,1,40.0,37.0,67.0,46.0,69.0,0,1.0,0,2.0,47.285714285714285,10.57850471024781
2022-03-07,48.0,41.0,48.0,22.4,5.6,0.0,18.8,101,1.4,53,1022.6,2,20.86,3,0,0,41.0,40.0,37.0,42.0,53.0,0,0.0,0,3.0,46.57142857142857,10.845231561337016
2022-03-08,39.0,43.0,43.0,21.7,4.6,0.0,19.5,256,-2.0,43,1019.7,0,21.09,3,1,0,48.0,41.0,40.0,43.0,39.0,1,0.0,0,4.0,47.42857142857143,10.659223593631049
2022-03-10,60.0,44.0,60.0,21.4,9.3,0.1,24.5,211,7.7,69,1014.8,26,19.4,3,3,0,43.0,48.0,41.0,56.0,38.0,0,1.0,0,5.0,47.42857142857143,10.659223593631049
2022-03-11,49.0,47.0,49.0,23.8,6.3,0.0,15.5,322,-8.6,23,1023.9,0,21.76,3,4,0,60.0,43.0,48.0,67.0,39.0,0,0.0,0,6.0,48.0,11.284207253205993
2022-03-12,41.0,49.0,49.0,26.7,7.4,0.0,24.4,271,-6.9,23,1021.3,0,21.87,3,5,1,49.0,60.0,43.0,37.0,51.0,1,0.0,0,7.0,45.42857142857143,7.7213371652208105
2022-03-13,55.0,50.0,55.0,22.8,9.2,0.0,18.3,153,4.5,51,1019.0,47,21.26,3,6,1,49.0,49.0,60.0,40.0,46.0,0,1.0,0,8.0,47.142857142857146,6.817344825968802
2022-03-15,59.0,44.0,59.0,25.5,10.1,0.0,21.4,192,7.2,58,1019.5,44,20.54,3,1,0,55.0,49.0,49.0,41.0,46.0,0,0.0,0,9.0,49.285714285714285,6.5501726622079035
2022-03-16,51.0,41.0,51.0,29.4,10.9,0.0,37.8,323,5.5,54,1015.7,25,21.23,3,2,0,59.0,55.0,49.0,48.0,42.0,0,0.0,0,10.0,51.857142857142854,6.283008075449628
2022-03-17,53.0,44.0,53.0,28.6,10.6,0.0,21.9,245,0.8,37,1016.6,52,21.32,3,3,0,51.0,59.0,55.0,43.0,43.0,0,0.0,0,11.0,52.285714285714285,6.074928962937493
2022-03-18,56.0,47.0,56.0,28.0,11.4,0.0,14.2,179,1.9,35,1016.3,9,22.65,3,4,0,53.0,51.0,59.0,60.0,56.0,0,0.0,0,12.0,53.714285714285715,4.498677054209451
2022-03-19,56.0,40.0,56.0,21.4,12.4,0.1,21.8,209,9.2,68,1015.6,84,18.72,3,5,1,56.0,53.0,51.0,49.0,67.0,0,0.0,0,13.0,53.142857142857146,3.760699023164754
2022-03-20,14.0,42.0,42.0,25.0,11.4,0.1,34.4,306,3.6,46,1013.8,25,22.35,3,6,1,56.0,56.0,53.0,49.0,37.0,1,0.0,0,14.0,54.142857142857146,3.387652649869227
2022-03-21,55.0,43.0,55.0,25.5,9.2,0.0,19.9,157,4.3,49,1017.4,64,22.25,3,0,0,42.0,56.0,56.0,55.0,40.0,0,1.0,0,15.0,53.142857142857146,5.520524474736587
2022-03-22,52.0,49.0,52.0,30.5,12.9,0.0,17.1,228,2.0,32,1017.1,10,22.78,3,1,0,55.0,42.0,56.0,59.0,41.0,0,0.0,0,16.0,53.142857142857146,5.520524474736587
2022-03-23,40.0,49.0,49.0,31.5,15.6,0.0,21.0,215,1.2,26,1018.5,0,22.95,3,2,0,52.0,55.0,42.0,51.0,48.0,1,0.0,0,17.0,52.142857142857146,4.879500364740091
2022-03-24,52.0,51.0,52.0,30.7,14.1,0.0,20.0,192,4.3,38,1016.6,18,23.14,3,3,0,49.0,52.0,55.0,53.0,43.0,0,1.0,0,18.0,51.857142857142854,5.014265364221554
2022-03-25,57.0,47.0,57.0,29.4,13.3,0.0,18.0,211,10.1,62,1015.2,84,22.56,3,4,0,52.0,49.0,52.0,56.0,60.0,0,0.0,0,19.0,51.714285714285715,4.990467102860877
2022-03-26,65.0,48.0,65.0,25.7,10.5,0.0,19.9,209,10.0,73,1013.0,57,22.98,3,5,1,57.0,52.0,49.0,56.0,49.0,0,0.0,0,20.0,51.857142857142854,5.145501965422348
2022-03-27,42.0,44.0,44.0,21.5,9.6,0.0,18.0,164,9.3,71,1012.1,60,21.51,3,6,1,65.0,57.0,52.0,42.0,49.0,1,0.0,0,21.0,53.142857142857146,7.104659772020447
2022-03-28,27.0,38.0,38.0,17.4,12.0,30.5,28.8,145,10.4,81,1010.1,85,9.0,3,0,0,44.0,65.0,57.0,55.0,55.0,1,1.0,1,0.0,53.42857142857143,6.604471789554625
2022-03-29,34.0,40.0,40.0,19.0,9.8,0.4,26.5,234,10.1,81,1013.1,27,20.94,3,1,0,38.0,44.0,65.0,52.0,59.0,1,1.0,0,1.0,51.0,8.717797887079886
2022-03-30,51.0,37.0,51.0,19.2,10.1,0.0,18.6,225,11.0,82,1016.9,28,22.58,3,2,0,40.0,38.0,44.0,49.0,51.0,0,1.0,0,2.0,49.285714285714285,9.621404708845928
2022-03-31,53.0,36.0,53.0,18.1,12.6,0.9,13.6,175,11.7,82,1012.2,100,10.56,3,3,0,51.0,40.0,38.0,52.0,53.0,0,0.0,0,3.0,49.57142857142857,9.641181512260571
2022-04-01,56.0,46.0,56.0,20.4,12.1,0.0,16.6,233,11.9,81,1012.4,36,20.93,4,4,0,53.0,51.0,40.0,57.0,56.0,0,0.0,0,4.0,49.714285714285715,9.690446940401461
2022-04-02,57.0,46.0,57.0,19.2,10.9,0.2,17.6,233,11.7,85,1016.0,76,14.63,4,5,1,56.0,53.0,51.0,65.0,56.0,0,0.0,0,5.0,49.57142857142857,9.571783930857492
2022-04-03,52.0,46.0,52.0,18.8,11.9,0.1,15.3,232,11.7,82,1014.3,77,12.24,4,6,1,57.0,56.0,53.0,44.0,42.0,0,0.0,0,6.0,48.42857142857143,7.7213371652208895
2022-04-04,60.0,46.0,60.0,21.5,10.1,0.0,15.2,134,10.4,79,1013.1,60,22.14,4,0,0,52.0,57.0,56.0,38.0,55.0,0,0.0,0,7.0,49.57142857142857,7.546680127867818
2022-04-05,62.0,39.0,62.0,30.6,10.4,0.0,20.3,147,10.7,69,1012.2,8,24.71,4,1,0,60.0,52.0,57.0,40.0,52.0,0,0.0,0,8.0,52.714285714285715,6.421689437996064
2022-04-06,61.0,101.0,101.0,32.8,13.3,0.0,15.8,254,9.6,53,1014.3,0,25.09,4,2,0,62.0,60.0,52.0,51.0,49.0,1,0.0,0,9.0,55.857142857142854,4.140393356051208
2022-04-07,56.0,84.0,84.0,36.3,15.0,0.0,20.9,278,2.0,28,1016.2,0,25.81,4,3,0,101.0,62.0,60.0,53.0,52.0,1,1.0,0,10.0,63.0,17.126976771552858
2022-04-08,52.0,71.0,71.0,37.3,15.1,0.0,22.4,270,-2.8,19,1012.5,5,26.04,4,4,0,84.0,101.0,62.0,56.0,57.0,1,1.0,0,11.0,67.42857142857143,18.091039613181255
2022-04-09,68.0,87.0,87.0,29.8,15.9,0.0,17.2,147,6.7,39,1009.0,26,25.58,4,5,1,71.0,84.0,101.0,57.0,65.0,1,1.0,0,12.0,69.57142857142857,17.386365758423867
2022-04-10,72.0,50.0,72.0,24.2,14.5,0.0,19.4,180,11.9,69,1010.6,77,20.18,4,6,1,87.0,71.0,84.0,52.0,44.0,0,1.0,0,13.0,73.85714285714286,17.468338705865477
2022-04-11,61.0,44.0,61.0,20.0,14.1,1.3,23.2,194,10.6,69,1011.0,73,18.37,4,0,0,72.0,87.0,71.0,60.0,38.0,0,0.0,0,14.0,76.71428571428571,14.716366011057561
2022-04-12,21.0,45.0,45.0,21.5,10.9,0.0,32.8,324,-7.8,24,1014.8,6,27.33,4,1,0,61.0,72.0,87.0,62.0,40.0,1,0.0,0,15.0,76.85714285714286,14.53075555994384
2022-04-14,53.0,50.0,53.0,23.1,9.5,0.0,22.7,206,4.6,53,1015.5,0,26.4,4,3,0,45.0,61.0,72.0,101.0,51.0,0,1.0,0,16.0,74.42857142857143,18.347180917487805
2022-04-15,49.0,44.0,49.0,23.2,10.8,0.0,22.1,194,9.1,68,1014.7,15,25.37,4,4,0,53.0,45.0,61.0,84.0,53.0,0,0.0,0,17.0,67.57142857142857,15.511900193690865
2022-04-16,31.0,32.0,32.0,21.1,11.4,0.2,27.8,215,10.9,76,1018.1,49,21.29,4,5,1,49.0,53.0,45.0,71.0,56.0,1,0.0,0,18.0,62.57142857142857,14.96503862181313
2022-04-17,42.0,44.0,44.0,23.5,11.1,0.0,18.4,209,10.2,70,1019.1,32,25.46,4,6,1,32.0,49.0,53.0,87.0,57.0,1,1.0,0,19.0,57.0,18.21171783952966
2022-04-18,53.0,54.0,54.0,25.8,11.2,0.0,20.9,202,10.1,67,1016.1,73,24.78,4,0,0,44.0,32.0,49.0,72.0,52.0,1,1.0,0,20.0,50.857142857142854,12.876704695282028
2022-04-19,47.0,36.0,47.0,25.5,12.9,0.0,20.3,186,9.8,62,1013.4,42,26.5,4,1,0,54.0,44.0,32.0,61.0,60.0,0,1.0,0,21.0,48.285714285714285,9.23244795479882
2022-04-20,36.0,42.0,42.0,23.6,13.4,0.0,16.9,157,9.2,61,1015.0,58,22.89,4,2,0,47.0,54.0,44.0,45.0,62.0,1,0.0,0,22.0,46.285714285714285,7.341986237029797
2022-04-21,33.0,37.0,37.0,21.4,9.9,0.1,25.3,231,9.4,71,1016.3,28,26.25,4,3,0,42.0,47.0,54.0,53.0,101.0,1,1.0,0,23.0,45.857142857142854,7.515064236329813
2022-04-22,33.0,42.0,42.0,20.6,11.8,5.4,30.1,252,8.4,65,1015.5,54,23.81,4,4,0,37.0,42.0,47.0,49.0,84.0,1,1.0,1,0.0,43.57142857142857,7.412987316349137
2022-04-23,52.0,47.0,52.0,24.5,9.6,0.0,27.0,235,7.5,60,1016.9,20,27.13,4,5,1,42.0,37.0,42.0,32.0,71.0,0,1.0,0,1.0,42.57142857142857,7.020378500172638
2022-04-24,34.0,54.0,54.0,31.0,9.7,0.0,25.3,251,-0.6,33,1014.9,0,27.94,4,6,1,52.0,42.0,37.0,44.0,87.0,1,0.0,0,2.0,45.42857142857143,5.996030432907572
2022-04-25,42.0,87.0,87.0,32.8,12.4,0.0,25.0,264,-4.4,20,1013.9,25,28.12,4,0,0,54.0,52.0,42.0,54.0,72.0,1,1.0,0,3.0,46.857142857142854,6.743603671343958
2022-04-26,60.0,51.0,60.0,28.5,12.9,0.0,17.8,169,5.6,42,1012.3,78,23.8,4,1,0,87.0,54.0,52.0,47.0,61.0,0,1.0,0,4.0,51.57142857142857,16.721813526619123
2022-04-27,69.0,54.0,69.0,23.9,12.7,0.0,15.6,154,10.8,68,1013.9,36,25.6,4,2,0,60.0,87.0,54.0,42.0,45.0,0,0.0,0,5.0,53.42857142857143,16.850886651816165
2022-04-28,63.0,54.0,63.0,21.0,13.2,0.0,19.9,188,9.5,65,1014.8,57,21.3,4,3,0,69.0,60.0,87.0,37.0,53.0,0,0.0,0,6.0,57.285714285714285,16.88899331630135
2022-04-29,62.0,61.0,62.0,23.8,10.3,0.0,18.1,234,9.5,66,1014.7,13,26.48,4,4,0,63.0,69.0,60.0,42.0,49.0,0,0.0,0,7.0,61.0,14.35270009440654
2022-04-30,63.0,80.0,80.0,26.2,10.9,0.0,21.3,225,9.5,63,1012.2,3,28.36,4,5,1,62.0,63.0,69.0,52.0,32.0,1,0.0,0,8.0,63.857142857142854,11.682302447555827
2022-05-01,65.0,77.0,77.0,23.7,13.1,0.0,16.5,182,11.6,71,1010.3,41,26.25,5,6,1,80.0,62.0,63.0,54.0,44.0,1,1.0,0,9.0,67.85714285714286,11.739230119965422
2022-05-02,61.0,48.0,61.0,24.1,14.1,0.0,19.7,207,11.2,68,1013.4,36,25.95,5,0,0,77.0,80.0,62.0,87.0,54.0,0,1.0,0,10.0,71.14285714285714,10.350983390134374
2022-05-03,58.0,54.0,58.0,24.4,14.0,0.0,20.1,186,11.5,68,1012.8,39,25.17,5,1,0,61.0,77.0,80.0,60.0,47.0,0,0.0,0,11.0,67.42857142857143,8.141603913584452
2022-05-04,64.0,64.0,64.0,27.2,12.6,0.0,19.1,217,11.9,71,1013.4,38,26.27,5,2,0,58.0,61.0,77.0,69.0,42.0,0,0.0,0,12.0,67.14285714285714,8.474050024014673
2022-05-05,66.0,71.0,71.0,26.9,13.4,0.0,18.5,196,11.8,70,1015.3,51,26.69,5,3,0,64.0,58.0,61.0,63.0,37.0,1,0.0,0,13.0,66.42857142857143,8.50210058077963
2022-05-06,58.0,64.0,64.0,28.6,12.1,0.0,19.1,198,10.7,63,1014.2,24,27.72,5,4,0,71.0,64.0,58.0,62.0,42.0,1,1.0,0,14.0,67.57142857142857,8.502100580779654
2022-05-07,56.0,47.0,56.0,25.9,14.5,0.0,19.5,180,12.4,69,1012.3,56,26.74,5,5,1,64.0,71.0,64.0,80.0,52.0,0,1.0,0,15.0,67.85714285714286,8.315218406201769
2022-05-08,55.0,41.0,55.0,22.1,13.8,0.3,19.4,171,10.6,67,1011.0,65,18.67,5,6,1,56.0,64.0,71.0,77.0,54.0,0,0.0,0,16.0,64.42857142857143,7.367883976128602
2022-05-09,53.0,48.0,53.0,22.2,10.5,0.4,21.5,206,6.8,59,1013.4,33,26.09,5,0,0,55.0,56.0,64.0,61.0,87.0,0,0.0,0,17.0,61.285714285714285,5.589105048044135
2022-05-10,47.0,42.0,47.0,22.4,9.9,0.0,26.2,227,4.1,52,1016.9,38,28.4,5,1,0,53.0,55.0,56.0,58.0,60.0,0,0.0,0,18.0,60.142857142857146,6.414269805896375
2022-05-11,33.0,44.0,44.0,22.8,8.4,0.0,26.7,300,-1.4,41,1018.8,1,29.81,5,2,0,47.0,53.0,55.0,64.0,69.0,1,0.0,0,19.0,58.57142857142857,8.141603913584257
2022-05-12,37.0,58.0,58.0,27.8,9.0,0.0,23.4,271,-3.7,24,1019.3,4,29.64,5,3,0,44.0,47.0,53.0,71.0,63.0,1,1.0,0,20.0,55.714285714285715,9.340133577099976
2022-05-13,52.0,101.0,101.0,33.2,13.2,0.0,20.6,219,-0.1,25,1014.8,0,29.58,5,4,0,58.0,44.0,47.0,64.0,62.0,1,1.0,0,21.0,53.857142857142854,6.718843437886587
2022-05-14,56.0,164.0,164.0,34.7,16.6,0.0,21.5,199,2.7,26,1012.6,60,29.15,5,5,1,101.0,58.0,44.0,56.0,80.0,1,1.0,0,22.0,59.142857142857146,19.12614764686031
2022-05-15,65.0,93.0,93.0,31.8,14.7,0.0,25.5,186,8.4,47,1012.2,26,27.09,5,6,1,164.0,101.0,58.0,55.0,77.0,1,1.0,0,23.0,74.57142857142857,43.805848707134565
2022-05-16,60.0,48.0,60.0,25.5,13.8,0.0,19.7,185,11.9,69,1013.0,29,27.06,5,0,0,93.0,164.0,101.0,53.0,61.0,0,1.0,0,24.0,80.0,43.328204824724935
2022-05-17,58.0,43.0,58.0,24.0,13.4,0.0,17.1,192,12.2,72,1014.4,30,25.53,5,1,0,60.0,93.0,164.0,47.0,58.0,0,0.0,0,25.0,81.0,42.67708206207774
2022-05-18,63.0,54.0,63.0,25.8,14.0,0.0,17.9,218,12.3,70,1014.9,32,25.88,5,2,0,58.0,60.0,93.0,44.0,64.0,0,0.0,0,26.0,82.57142857142857,41.39990798241423
2022-05-19,66.0,45.0,66.0,24.9,13.8,0.3,16.9,179,12.6,75,1012.1,75,23.19,5,3,0,63.0,58.0,60.0,58.0,71.0,0,0.0,0,27.0,85.28571428571429,39.00305238360301
2022-05-20,31.0,40.0,40.0,20.5,14.7,1.2,14.9,148,11.9,72,1009.4,97,12.59,5,4,0,66.0,63.0,58.0,101.0,64.0,1,0.0,0,28.0,86.42857142857143,38.17877745055535
2022-05-21,35.0,42.0,42.0,23.2,14.8,0.8,19.5,223,12.1,70,1013.6,64,21.7,5,5,1,40.0,66.0,63.0,164.0,56.0,1,1.0,0,29.0,77.71428571428571,41.14492388988883
2022-05-22,56.0,45.0,56.0,23.2,11.9,0.0,20.0,223,11.2,72,1015.7,13,28.18,5,6,1,42.0,40.0,66.0,93.0,55.0,0,1.0,0,30.0,60.285714285714285,17.61357701428278
2022-05-23,65.0,48.0,65.0,24.5,12.2,0.0,18.2,220,11.6,75,1013.0,67,24.0,5,0,0,56.0,42.0,40.0,60.0,53.0,0,0.0,0,31.0,55.0,10.11599393699436
2022-05-24,67.0,71.0,71.0,26.4,13.4,0.0,17.9,229,12.6,73,1010.3,48,27.01,5,1,0,65.0,56.0,42.0,58.0,47.0,1,0.0,0,32.0,55.714285714285715,10.688222267433854
2022-05-25,70.0,101.0,101.0,26.4,13.4,0.0,17.1,222,13.8,76,1011.4,42,28.05,5,2,0,71.0,65.0,56.0,63.0,44.0,1,1.0,0,33.0,57.57142857142857,12.177262183499568
2022-05-26,59.0,49.0,59.0,25.1,14.9,0.0,20.0,228,13.2,73,1014.0,56,26.1,5,3,0,101.0,71.0,65.0,66.0,58.0,0,1.0,0,34.0,63.0,20.57506581601405
2022-05-27,40.0,44.0,44.0,24.0,12.8,0.0,20.1,241,11.9,72,1015.8,84,23.52,5,4,0,59.0,101.0,71.0,40.0,101.0,1,0.0,0,35.0,62.0,20.57506581601404
2022-05-28,38.0,39.0,39.0,21.5,12.9,0.0,17.3,193,11.8,73,1013.4,97,19.44,5,5,1,44.0,59.0,101.0,42.0,164.0,1,1.0,0,36.0,62.57142857142857,19.90692628925145
2022-05-29,43.0,37.0,43.0,24.8,14.0,0.0,19.4,211,11.5,66,1009.3,32,27.28,5,6,1,39.0,44.0,59.0,56.0,93.0,0,1.0,0,37.0,62.142857142857146,20.44854168743662
2022-05-30,58.0,41.0,58.0,26.4,13.8,0.0,28.0,202,11.0,64,1009.2,28,28.13,5,0,0,43.0,39.0,44.0,65.0,60.0,0,0.0,0,38.0,60.285714285714285,21.654208872751212
2022-05-31,64.0,50.0,64.0,27.0,12.9,0.0,20.1,205,11.4,63,1009.5,13,28.47,5,1,0,58.0,43.0,39.0,71.0,58.0,0,0.0,0,39.0,59.285714285714285,21.56165025930847
2023-03-01,10.0,40.0,40.0,11.1,6.8,10.9,31.1,291,3.0,68,1008.8,67,15.68,3,2,0,38.0,39.0,39.0,39.0,37.0,1,1.0,1,0.0,38.714285714285715,0.9511897311941725
2023-03-02,26.0,37.0,37.0,15.1,3.0,0.0,14.1,123,2.7,66,1017.5,16,19.78,3,3,0,40.0,38.0,39.0,37.0,35.0,1,1.0,0,1.0,38.857142857142854,1.06904496763445
2023-03-03,53.0,40.0,53.0,16.3,5.1,0.0,14.6,65,5.5,75,1016.0,17,19.29,3,4,0,37.0,40.0,38.0,40.0,38.0,0,1.0,0,2.0,38.857142857142854,1.06904496763445
2023-03-04,55.0,41.0,55.0,14.8,5.4,1.4,18.7,167,6.4,79,1015.1,65,14.8,3,5,1,53.0,37.0,40.0,39.0,47.0,0,0.0,0,3.0,40.714285714285715,5.498917642415048
2023-03-05,42.0,41.0,42.0,13.8,7.1,1.8,11.6,153,7.2,81,1018.8,98,7.9,3,6,1,55.0,53.0,37.0,39.0,55.0,0,0.0,0,4.0,43.0,7.5938571665943195
2023-03-06,18.0,43.0,43.0,14.3,8.3,0.5,15.9,258,6.8,77,1020.7,88,14.93,3,0,0,42.0,55.0,53.0,39.0,52.0,1,0.0,0,5.0,43.42857142857143,7.412987316348948
2023-03-07,31.0,41.0,41.0,15.9,4.4,0.0,16.9,254,4.8,72,1020.1,50,20.03,3,1,0,43.0,42.0,55.0,38.0,57.0,1,1.0,0,6.0,44.0,7.16472842006611
2023-03-08,41.0,39.0,41.0,15.2,5.8,0.0,14.5,102,5.7,77,1020.4,73,16.67,3,2,0,41.0,43.0,42.0,40.0,39.0,0,1.0,0,7.0,44.42857142857143,6.8278142636584285
2023-03-09,43.0,46.0,46.0,18.5,6.8,0.0,16.8,219,7.3,75,1019.2,75,19.26,3,3,0,41.0,41.0,43.0,37.0,37.0,1,0.0,0,8.0,44.57142857142857,6.729466121891411
2023-03-10,30.0,31.0,31.0,13.9,10.5,20.3,18.0,114,10.5,90,1018.1,100,3.89,3,4,0,46.0,41.0,41.0,53.0,40.0,1,1.0,1,0.0,45.857142857142854,5.843188953202494
2023-03-11,21.0,19.0,21.0,16.6,12.7,5.4,13.7,130,13.3,93,1017.8,99,4.38,3,5,1,31.0,46.0,41.0,55.0,39.0,0,1.0,1,0.0,42.714285714285715,7.134757312251831
2023-03-12,21.0,26.0,26.0,18.0,12.1,0.4,17.9,238,13.0,91,1019.7,91,14.94,3,6,1,21.0,31.0,46.0,42.0,39.0,1,0.0,0,1.0,37.857142857142854,8.764104278789171
2023-03-13,40.0,28.0,40.0,19.4,12.1,0.0,16.1,227,12.3,90,1019.9,100,16.11,3,0,0,26.0,21.0,31.0,43.0,39.0,0,1.0,0,2.0,35.57142857142857,9.554355775544476
2023-03-14,56.0,24.0,56.0,15.1,12.4,32.4,17.7,125,12.5,94,1017.1,100,4.22,3,1,0,40.0,26.0,21.0,41.0,38.0,0,0.0,1,0.0,35.142857142857146,9.227288721115361
2023-03-15,22.0,30.0,30.0,16.5,12.0,39.2,20.0,126,12.6,92,1013.3,89,7.28,3,2,0,56.0,40.0,26.0,41.0,40.0,1,0.0,1,0.0,37.285714285714285,12.106668764420508
2023-03-16,40.0,33.0,40.0,17.0,10.4,0.9,12.3,171,9.9,83,1017.1,77,13.78,3,3,0,30.0,56.0,40.0,46.0,37.0,0,1.0,0,1.0,35.714285714285715,12.257165057143562
2023-03-17,57.0,39.0,57.0,19.5,8.2,0.0,9.9,343,9.9,83,1016.8,78,18.99,3,4,0,40.0,30.0,56.0,31.0,53.0,0,0.0,0,2.0,34.857142857142854,11.610750355144548
2023-03-18,46.0,49.0,49.0,23.4,6.7,0.0,14.4,72,6.0,59,1016.6,63,21.6,3,5,1,57.0,40.0,30.0,21.0,55.0,1,0.0,0,3.0,38.57142857142857,14.069555108543703
2023-03-19,50.0,42.0,50.0,16.2,12.4,3.8,15.9,119,9.7,77,1015.0,100,4.58,3,6,1,49.0,57.0,40.0,26.0,42.0,0,1.0,1,0.0,42.57142857142857,12.081075322683414
2023-03-20,18.0,38.0,38.0,15.2,11.5,2.1,18.1,214,11.0,86,1013.1,100,8.31,3,0,0,50.0,49.0,57.0,40.0,43.0,1,0.0,0,1.0,46.0,9.780933834079319
2023-03-21,23.0,44.0,44.0,15.3,8.4,39.6,30.9,170,8.6,85,1007.6,87,10.99,3,1,0,38.0,50.0,49.0,56.0,41.0,1,1.0,1,0.0,45.714285714285715,10.011897684158882
2023-03-22,26.0,39.0,39.0,13.6,7.9,19.0,17.3,138,7.7,86,1016.4,78,12.37,3,2,0,44.0,38.0,50.0,30.0,41.0,1,1.0,1,0.0,44.0,8.925618559328903
2023-03-23,27.0,39.0,39.0,15.2,5.8,1.6,14.5,256,7.8,83,1022.3,53,16.08,3,3,0,39.0,44.0,38.0,40.0,46.0,1,1.0,0,1.0,45.285714285714285,7.016986193378591
2023-03-24,20.0,43.0,43.0,17.6,7.9,0.0,26.9,318,3.4,56,1022.6,19,23.23,3,4,0,39.0,39.0,44.0,57.0,31.0,1,1.0,0,2.0,45.142857142857146,7.15142343473155
2023-03-25,32.0,44.0,44.0,17.4,4.6,0.0,24.6,281,4.2,66,1019.1,14,21.97,3,5,1,43.0,39.0,39.0,49.0,21.0,1,1.0,0,3.0,43.142857142857146,4.879500364739535
2023-03-26,29.0,46.0,46.0,18.5,4.1,0.0,27.0,322,0.3,52,1019.1,52,23.21,3,6,1,44.0,43.0,39.0,50.0,26.0,1,1.0,0,4.0,42.42857142857143,4.197504927813273
2023-03-27,37.0,51.0,51.0,20.9,3.7,0.0,8.9,53,2.1,58,1020.4,46,23.76,3,0,0,46.0,44.0,43.0,38.0,40.0,1,1.0,0,5.0,41.857142857142854,3.1320159337865134
2023-03-28,33.0,54.0,54.0,20.5,7.9,0.0,16.6,207,4.4,58,1017.7,34,23.91,3,1,0,51.0,46.0,44.0,44.0,56.0,1,1.0,0,6.0,43.714285714285715,4.151878519184416
2023-03-29,27.0,44.0,44.0,14.9,8.5,20.6,21.4,183,7.8,80,1013.8,65,14.93,3,2,0,54.0,51.0,46.0,39.0,30.0,1,1.0,1,0.0,45.142857142857146,5.698788509513313
2023-03-30,17.0,42.0,42.0,13.8,6.4,4.3,12.6,132,6.5,80,1014.7,66,15.75,3,3,0,44.0,54.0,51.0,39.0,40.0,1,1.0,1,0.0,45.857142857142854,5.080307452260609
2023-03-31,39.0,43.0,43.0,16.8,6.0,0.0,15.6,357,6.5,75,1021.6,64,21.93,3,4,0,42.0,44.0,54.0,43.0,57.0,1,1.0,0,1.0,46.285714285714285,4.498677054208974
2023-04-01,43.0,46.0,46.0,19.8,8.3,0.0,18.1,219,8.0,72,1019.8,8,24.81,4,5,1,43.0,42.0,44.0,44.0,49.0,1,1.0,0,2.0,46.285714285714285,4.498677054208974
2023-04-02,52.0,49.0,52.0,17.9,7.8,0.0,16.1,167,9.1,83,1017.9,27,23.16,4,6,1,46.0,43.0,42.0,46.0,50.0,0,1.0,0,3.0,46.57142857142857,4.391550328265126
2023-04-03,19.0,43.0,43.0,15.6,8.8,0.2,28.2,339,2.4,58,1013.9,52,17.54,4,0,0,52.0,46.0,43.0,51.0,38.0,1,0.0,0,4.0,47.42857142857143,4.8255273582983635
2023-04-04,14.0,41.0,41.0,16.1,6.7,0.0,31.9,301,-0.4,46,1019.0,29,25.32,4,1,0,43.0,52.0,46.0,54.0,44.0,1,1.0,0,5.0,46.285714285714285,4.785891965426404
2023-04-05,34.0,50.0,50.0,19.3,4.9,0.0,16.2,345,2.8,59,1019.4,30,25.18,4,2,0,41.0,43.0,52.0,44.0,39.0,1,1.0,0,6.0,44.42857142857143,3.690399384757397
2023-04-06,34.0,58.0,58.0,21.8,5.9,0.0,15.9,305,2.4,52,1017.6,17,25.82,4,3,0,50.0,41.0,43.0,42.0,39.0,1,1.0,0,7.0,45.285714285714285,4.231401884096156
2023-04-07,46.0,50.0,50.0,20.6,9.2,0.0,15.3,157,7.2,65,1017.0,62,25.01,4,4,0,58.0,50.0,41.0,43.0,43.0,1,1.0,0,8.0,47.57142857142857,6.078847008467373
2023-04-08,46.0,40.0,46.0,20.4,9.4,0.0,15.8,166,10.7,83,1017.9,84,24.04,4,5,1,50.0,58.0,50.0,46.0,44.0,0,1.0,0,9.0,48.57142857142857,5.769377287514363
2023-04-09,58.0,58.0,58.0,23.0,10.9,0.0,14.3,186,12.6,86,1018.6,47,23.31,4,6,1,46.0,50.0,58.0,52.0,46.0,0,0.0,0,10.0,48.57142857142857,5.769377287514363
2023-04-10,75.0,71.0,75.0,24.0,10.1,0.0,14.8,207,12.2,84,1017.0,37,23.69,4,0,0,58.0,46.0,50.0,43.0,51.0,0,0.0,0,11.0,49.42857142857143,6.729466121891619
2023-04-11,91.0,50.0,91.0,20.9,10.4,0.0,13.2,212,11.8,86,1015.5,95,22.97,4,1,0,75.0,58.0,46.0,41.0,54.0,0,0.0,0,12.0,54.0,11.090536506408293
2023-04-12,55.0,29.0,55.0,21.3,10.9,0.1,16.7,166,10.9,82,1011.4,100,17.15,4,2,0,91.0,75.0,58.0,50.0,44.0,0,0.0,0,13.0,61.142857142857146,16.231949681913424
2023-04-13,52.0,34.0,52.0,16.8,12.1,2.7,16.9,165,9.8,78,1009.7,99,12.92,4,3,0,55.0,91.0,75.0,58.0,42.0,0,0.0,1,0.0,61.857142857142854,15.763127560105882
2023-04-14,52.0,46.0,52.0,17.8,11.2,1.0,13.1,196,9.0,74,1013.9,70,16.08,4,4,0,52.0,55.0,91.0,50.0,43.0,0,0.0,0,1.0,61.0,16.165807537308865
2023-04-15,54.0,54.0,54.0,21.4,8.4,0.0,17.8,219,9.5,76,1018.5,1,26.15,4,5,1,52.0,52.0,55.0,46.0,46.0,0,0.0,0,2.0,61.285714285714285,15.955294687701867
2023-04-16,56.0,43.0,56.0,21.0,9.6,0.0,15.3,210,10.7,83,1018.3,47,23.71,4,6,1,54.0,52.0,52.0,58.0,52.0,0,0.0,0,3.0,62.42857142857143,14.931590034298436
2023-04-17,65.0,50.0,65.0,20.8,10.1,0.0,18.2,208,10.2,79,1014.7,71,21.02,4,0,0,56.0,54.0,52.0,75.0,43.0,0,0.0,0,4.0,62.142857142857146,15.049125904057343
2023-04-18,55.0,46.0,55.0,20.0,11.8,0.3,17.6,219,9.4,72,1014.7,91,20.31,4,1,0,65.0,56.0,54.0,91.0,41.0,0,0.0,0,5.0,60.714285714285715,14.067862734073731
2023-04-19,53.0,50.0,53.0,23.3,8.1,0.0,27.4,204,6.1,65,1016.7,22,26.54,4,2,0,55.0,65.0,56.0,55.0,50.0,0,0.0,0,6.0,55.57142857142857,4.429339411133826
2023-04-20,57.0,101.0,101.0,27.1,7.8,0.0,15.2,290,2.8,44,1019.1,15,27.09,4,3,0,53.0,55.0,65.0,52.0,58.0,1,0.0,0,7.0,55.285714285714285,4.535573676108034
2023-04-21,54.0,108.0,108.0,32.2,12.8,0.0,20.3,291,2.9,32,1017.6,0,27.05,4,4,0,101.0,53.0,55.0,52.0,50.0,1,1.0,0,8.0,62.285714285714285,17.60411207373838
2023-04-22,59.0,150.0,150.0,30.7,14.9,0.0,18.4,185,6.5,42,1010.9,36,26.23,4,5,1,108.0,101.0,53.0,54.0,46.0,1,1.0,0,9.0,70.28571428571429,23.78875284466897
2023-04-23,61.0,58.0,61.0,26.1,13.4,0.0,17.8,182,12.3,70,1009.2,36,26.41,4,6,1,150.0,108.0,101.0,56.0,58.0,0,1.0,0,10.0,84.0,36.89625093872446
2023-04-24,62.0,43.0,62.0,22.8,13.2,0.0,20.3,196,12.1,78,1011.8,65,22.64,4,0,0,61.0,150.0,108.0,65.0,75.0,0,0.0,0,11.0,84.71428571428571,36.307548736290194
2023-04-25,58.0,51.0,58.0,23.5,13.2,0.0,17.7,209,12.0,77,1012.5,64,22.06,4,1,0,62.0,61.0,150.0,55.0,91.0,0,0.0,0,12.0,84.28571428571429,36.59560212973804
2023-04-26,65.0,67.0,67.0,26.0,12.6,0.0,18.0,215,12.3,75,1013.9,44,25.29,4,2,0,58.0,62.0,61.0,53.0,55.0,1,0.0,0,13.0,84.71428571428571,36.2110217370083
2023-04-27,79.0,64.0,79.0,23.8,12.1,0.0,16.8,209,12.0,79,1013.6,39,26.32,4,3,0,67.0,58.0,62.0,101.0,52.0,0,1.0,0,14.0,86.71428571428571,34.51431725006434
2023-04-28,80.0,61.0,80.0,24.2,10.8,0.0,17.9,219,11.2,79,1014.5,45,25.8,4,4,0,79.0,67.0,58.0,108.0,52.0,0,0.0,0,15.0,83.57142857142857,33.99439729748182
2023-04-29,74.0,64.0,74.0,24.6,10.6,0.0,19.5,219,11.3,78,1015.6,65,26.32,4,5,1,80.0,79.0,67.0,150.0,54.0,0,0.0,0,16.0,79.57142857142857,32.24312403628155
2023-04-30,69.0,50.0,69.0,22.4,11.8,0.0,14.5,186,11.7,79,1012.7,73,23.07,4,6,1,74.0,80.0,79.0,61.0,56.0,0,0.0,0,17.0,68.71428571428571,8.976158898516243
2023-05-01,27.0,41.0,41.0,18.9,12.8,0.4,17.4,175,10.0,72,1010.5,76,14.18,5,0,0,69.0,74.0,80.0,62.0,65.0,1,0.0,0,18.0,69.85714285714286,8.315218406202058
2023-05-02,18.0,37.0,37.0,17.5,10.0,1.1,18.5,212,7.4,69,1012.7,49,19.44,5,1,0,41.0,69.0,74.0,58.0,55.0,1,1.0,0,19.0,66.85714285714286,13.680016708426924
2023-05-03,23.0,41.0,41.0,19.3,8.3,0.6,18.9,205,6.6,66,1012.2,67,21.35,5,2,0,37.0,41.0,69.0,67.0,53.0,1,1.0,0,20.0,63.857142857142854,17.667565116417094
2023-05-04,14.0,35.0,35.0,17.0,10.9,13.1,17.9,156,8.7,74,1013.3,97,18.1,5,3,0,41.0,37.0,41.0,79.0,101.0,1,1.0,1,0.0,60.142857142857146,19.531415475488956
2023-05-05,26.0,35.0,35.0,18.6,10.0,3.1,16.9,225,9.0,73,1017.5,50,19.82,5,4,0,35.0,41.0,37.0,80.0,108.0,1,1.0,1,0.0,53.857142857142854,19.531415475488867
2023-05-06,28.0,37.0,37.0,19.4,8.3,0.0,19.5,242,8.8,72,1018.4,67,23.03,5,5,1,35.0,35.0,41.0,74.0,150.0,1,1.0,0,1.0,47.42857142857143,16.691885681941976
2023-05-07,29.0,41.0,41.0,22.0,10.4,0.0,18.3,196,10.3,75,1018.2,57,25.26,5,6,1,37.0,35.0,35.0,69.0,61.0,1,1.0,0,2.0,42.142857142857146,12.102734834580133
2023-05-08,40.0,39.0,40.0,22.5,11.9,0.0,17.9,199,11.3,75,1016.6,33,27.41,5,0,0,41.0,37.0,35.0,41.0,62.0,0,1.0,0,3.0,38.142857142857146,2.7945525240171327
2023-05-09,43.0,36.0,43.0,22.7,11.8,0.6,20.4,181,10.5,73,1015.2,70,20.51,5,1,0,40.0,41.0,37.0,37.0,58.0,0,0.0,0,4.0,38.0,2.645751311058286
2023-05-10,42.0,40.0,42.0,22.8,11.1,0.0,20.3,193,9.3,66,1016.0,29,24.98,5,2,0,43.0,40.0,41.0,41.0,67.0,0,0.0,0,5.0,38.857142857142854,3.1847852585102596
2023-05-11,48.0,54.0,54.0,22.0,10.4,0.0,20.6,233,10.1,71,1015.6,12,26.0,5,3,0,42.0,43.0,40.0,35.0,79.0,1,0.0,0,6.0,39.0,3.316624790350454
2023-05-12,56.0,49.0,56.0,24.9,10.6,0.0,19.8,218,11.6,77,1014.0,22,24.62,5,4,0,54.0,42.0,43.0,35.0,80.0,0,1.0,0,7.0,41.714285714285715,6.1023024538336275
2023-05-13,69.0,67.0,69.0,27.2,12.9,0.0,16.0,177,12.8,75,1011.3,46,24.57,5,5,1,56.0,54.0,42.0,37.0,74.0,0,0.0,0,8.0,44.714285714285715,7.296444013220793
2023-05-14,58.0,77.0,77.0,28.4,14.3,0.0,20.6,200,13.3,76,1013.3,45,23.43,5,6,1,69.0,56.0,54.0,41.0,69.0,1,0.0,0,9.0,49.285714285714285,10.82765418906921
2023-05-15,67.0,50.0,67.0,24.6,13.1,0.0,16.6,243,13.1,79,1017.3,82,21.57,5,0,0,77.0,69.0,56.0,40.0,41.0,0,1.0,0,10.0,54.42857142857143,14.246135649794875
2023-05-16,44.0,46.0,46.0,23.2,12.9,0.0,17.4,231,13.2,80,1015.6,68,22.78,5,1,0,67.0,77.0,69.0,43.0,37.0,1,0.0,0,11.0,58.285714285714285,13.313079855468184
2023-05-17,56.0,54.0,56.0,24.5,12.4,0.0,16.9,215,13.0,79,1012.5,59,26.58,5,2,0,46.0,67.0,77.0,42.0,41.0,0,1.0,0,12.0,58.714285714285715,12.776466461352802
2023-05-18,60.0,49.0,60.0,24.9,13.6,0.0,13.7,174,13.3,78,1012.3,57,23.59,5,3,0,56.0,46.0,67.0,54.0,35.0,0,0.0,0,13.0,60.714285714285715,10.641338977688571
2023-05-19,67.0,49.0,67.0,24.0,13.9,0.2,14.8,195,13.3,79,1016.4,70,21.66,5,4,0,60.0,56.0,46.0,56.0,35.0,0,0.0,0,14.0,61.57142857142857,10.24462693085308
2023-05-20,58.0,50.0,58.0,24.8,14.4,0.0,17.1,235,13.9,77,1017.7,73,24.62,5,5,1,67.0,60.0,56.0,69.0,37.0,0,0.0,0,15.0,63.142857142857146,10.090070555229229
2023-05-21,57.0,67.0,67.0,26.1,14.7,0.0,17.4,229,14.0,77,1015.5,71,24.8,5,6,1,58.0,67.0,60.0,77.0,41.0,1,0.0,0,16.0,61.57142857142857,9.88023520059249
2023-05-22,58.0,44.0,58.0,25.2,14.7,0.0,17.8,221,13.9,78,1013.5,64,23.9,5,0,0,67.0,58.0,67.0,67.0,40.0,0,1.0,0,17.0,60.142857142857146,7.776643908278753
2023-05-23,38.0,32.0,38.0,22.1,15.3,0.1,14.6,184,12.8,73,1013.5,82,20.06,5,1,0,58.0,67.0,58.0,46.0,43.0,0,0.0,0,18.0,58.857142857142854,7.174690967293881
2023-05-24,33.0,40.0,40.0,21.9,15.2,0.3,14.9,173,11.4,68,1013.2,82,18.49,5,2,0,38.0,58.0,67.0,56.0,42.0,1,0.0,0,19.0,57.714285714285715,9.741907508529287
2023-05-25,32.0,40.0,40.0,21.8,15.1,0.0,17.1,191,10.0,63,1012.0,81,20.89,5,3,0,40.0,38.0,58.0,60.0,54.0,1,1.0,0,20.0,55.42857142857143,11.85829024855708
2023-05-26,28.0,43.0,43.0,20.2,13.1,3.0,18.5,226,10.9,71,1014.0,71,18.14,5,4,0,40.0,40.0,38.0,67.0,56.0,1,1.0,1,0.0,52.57142857142857,12.933897876730326
2023-05-27,32.0,43.0,43.0,21.0,11.7,0.0,20.2,222,11.6,76,1014.4,31,23.91,5,5,1,43.0,40.0,40.0,58.0,69.0,1,1.0,0,1.0,49.142857142857146,11.582005747832733
2023-05-28,41.0,41.0,41.0,21.8,12.2,0.0,16.4,226,12.3,77,1013.8,67,17.91,5,6,1,43.0,43.0,40.0,67.0,77.0,0,1.0,0,2.0,47.0,11.045361017186007
2023-05-29,31.0,43.0,43.0,21.6,15.4,0.7,12.5,208,12.6,73,1014.6,98,15.06,5,0,0,41.0,43.0,43.0,58.0,67.0,1,0.0,0,3.0,43.285714285714285,6.725927091343301
2023-05-30,28.0,39.0,39.0,20.3,15.2,0.2,19.2,242,11.5,69,1014.3,89,16.25,5,1,0,43.0,41.0,43.0,38.0,46.0,1,1.0,0,4.0,41.142857142857146,1.9518001458892584
2023-05-31,23.0,34.0,34.0,20.1,14.3,1.1,15.7,221,11.6,73,1012.7,99,13.78,5,2,0,39.0,43.0,41.0,40.0,56.0,1,1.0,0,5.0,41.285714285714285,1.7043362064837704
2024-03-01,19.0,33.0,33.0,16.4,11.6,5.1,16.6,176,10.2,80,1020.4,94,10.44,3,4,0,51.0,55.0,56.0,41.0,66.0,1,0.0,1,0.0,51.57142857142857,6.803360514164682
2024-03-02,13.0,36.0,36.0,14.7,11.2,9.8,25.6,237,11.1,86,1016.7,83,8.07,3,5,1,33.0,51.0,55.0,44.0,85.0,1,1.0,1,0.0,50.42857142857143,9.144345117012376
2024-03-03,22.0,37.0,37.0,16.5,9.9,1.0,27.4,243,9.1,79,1017.0,58,15.18,3,6,1,36.0,33.0,51.0,54.0,37.0,1,1.0,0,1.0,49.285714285714285,10.48354720048238
2024-03-04,39.0,39.0,39.0,18.5,7.7,0.0,17.7,71,7.9,79,1018.5,39,18.84,3,0,0,37.0,36.0,33.0,60.0,28.0,0,1.0,0,2.0,46.857142857142854,11.15688982092096
2024-03-05,37.0,42.0,42.0,18.5,8.1,0.0,13.8,116,8.6,78,1017.4,38,19.12,3,1,0,39.0,37.0,36.0,56.0,31.0,1,0.0,0,3.0,43.857142857142854,9.771191865692163
2024-03-06,21.0,30.0,30.0,15.6,8.9,19.5,19.9,119,9.7,88,1013.1,84,8.1,3,2,0,42.0,39.0,37.0,55.0,37.0,1,1.0,1,0.0,41.857142857142854,8.173709305419504
2024-03-07,25.0,34.0,34.0,18.4,7.7,2.5,17.4,285,8.5,79,1012.2,23,17.35,3,3,0,30.0,42.0,39.0,51.0,48.0,1,1.0,1,0.0,38.285714285714285,6.824326235710375
2024-03-09,50.0,43.0,50.0,20.7,8.6,0.0,12.6,99,7.3,63,1019.5,61,20.54,3,5,1,34.0,30.0,42.0,33.0,41.0,0,1.0,0,1.0,35.857142857142854,3.976119189548946
2024-03-10,39.0,45.0,45.0,20.2,9.0,0.0,14.7,173,6.9,65,1018.2,63,17.93,3,6,1,50.0,34.0,30.0,36.0,44.0,1,0.0,0,2.0,38.285714285714285,6.395683067877759
2024-03-11,36.0,40.0,40.0,18.6,8.9,0.0,18.6,133,9.8,83,1018.2,71,16.6,3,0,0,45.0,50.0,34.0,37.0,54.0,1,1.0,0,3.0,39.57142857142857,6.754187413673418
2024-03-12,31.0,39.0,39.0,18.4,9.6,0.0,17.3,137,10.0,82,1019.3,69,17.02,3,1,0,40.0,45.0,50.0,39.0,60.0,1,1.0,0,4.0,40.0,6.6583281184776615
2024-03-13,41.0,39.0,41.0,19.5,9.2,0.0,18.1,99,10.0,79,1015.1,68,17.11,3,2,0,39.0,40.0,45.0,42.0,56.0,0,1.0,0,5.0,40.0,6.6583281184776615
2024-03-14,37.0,41.0,41.0,20.2,8.2,0.0,18.8,74,3.2,55,1009.7,21,22.19,3,3,0,41.0,39.0,40.0,30.0,55.0,1,0.0,0,6.0,39.857142857142854,6.618876325291227
2024-03-15,27.0,36.0,36.0,17.5,8.2,0.0,16.1,121,6.4,67,1010.1,75,15.99,3,4,0,41.0,41.0,39.0,34.0,51.0,1,1.0,0,7.0,41.42857142857143,4.995235825499972
2024-03-16,36.0,46.0,46.0,18.9,9.0,0.0,18.1,163,9.2,76,1016.3,56,16.92,3,5,1,36.0,41.0,41.0,50.0,33.0,1,1.0,0,8.0,41.714285714285715,4.535573676108249
2024-03-17,47.0,51.0,51.0,20.0,8.7,0.0,13.4,99,9.6,78,1017.9,30,19.3,3,6,1,46.0,36.0,41.0,45.0,36.0,1,1.0,0,9.0,41.142857142857146,3.4364987719335995
2024-03-18,53.0,45.0,53.0,23.0,8.6,0.0,21.5,84,10.0,73,1017.3,26,18.06,3,0,0,51.0,46.0,36.0,40.0,37.0,0,1.0,0,10.0,42.0,4.966554808581527
2024-03-19,53.0,50.0,53.0,22.2,10.7,0.0,13.0,68,10.4,72,1016.8,10,21.25,3,1,0,53.0,51.0,46.0,39.0,39.0,0,0.0,0,11.0,43.857142857142854,6.335839103294482
2024-03-20,66.0,61.0,66.0,22.1,11.8,0.0,13.2,187,11.8,75,1016.0,18,21.59,3,2,0,53.0,53.0,51.0,41.0,42.0,0,0.0,0,12.0,45.857142857142854,6.743603671344386
2024-03-21,70.0,51.0,70.0,21.9,10.7,0.0,17.1,167,11.7,82,1018.3,33,21.8,3,3,0,66.0,53.0,53.0,41.0,30.0,0,0.0,0,13.0,49.42857142857143,9.710083124551229
2024-03-22,70.0,46.0,70.0,21.8,11.6,0.0,18.3,182,11.8,84,1017.7,96,19.46,3,4,0,70.0,66.0,53.0,36.0,34.0,0,0.0,0,14.0,53.57142857142857,11.530497862293837
2024-03-23,25.0,40.0,40.0,17.8,10.6,6.8,28.1,221,10.3,81,1011.9,60,14.95,3,5,1,70.0,70.0,66.0,46.0,50.0,1,0.0,1,0.0,58.42857142857143,9.947481136064775
2024-03-24,14.0,38.0,38.0,17.1,6.9,0.7,21.7,295,5.5,67,1008.8,38,18.4,3,6,1,40.0,70.0,70.0,51.0,45.0,1,1.0,0,1.0,57.57142857142857,11.355720186424296
2024-03-25,29.0,39.0,39.0,18.2,5.2,0.0,19.3,109,6.0,70,1012.8,38,21.77,3,0,0,38.0,40.0,70.0,53.0,40.0,1,1.0,0,2.0,55.714285714285715,13.47484428746437
2024-03-26,42.0,44.0,44.0,19.5,9.2,0.0,21.7,127,8.2,73,1017.1,23,22.05,3,1,0,39.0,38.0,40.0,53.0,39.0,1,1.0,0,3.0,53.714285714285715,14.907652237628737
2024-03-27,54.0,54.0,54.0,20.3,8.4,0.0,17.2,159,8.8,74,1020.8,53,21.91,3,2,0,44.0,39.0,38.0,66.0,41.0,0,1.0,0,4.0,52.42857142857143,15.360741549559458
2024-03-28,53.0,38.0,53.0,20.1,9.4,0.0,20.9,220,10.3,82,1017.7,50,20.44,3,3,0,54.0,44.0,39.0,70.0,41.0,0,0.0,0,5.0,50.714285714285715,14.221044098028665
2024-03-29,31.0,44.0,44.0,16.8,9.4,0.9,20.3,160,7.5,72,1013.3,73,19.0,3,4,0,53.0,54.0,44.0,70.0,36.0,1,0.0,0,6.0,48.285714285714285,11.586116486470996
2024-03-30,12.0,43.0,43.0,14.4,10.1,29.2,24.5,119,8.7,81,1007.1,98,11.12,3,5,1,44.0,53.0,54.0,40.0,46.0,1,1.0,1,0.0,44.57142857142857,6.528326555789466
2024-03-31,14.0,44.0,44.0,15.5,9.3,7.4,20.9,101,8.4,80,1008.6,74,13.36,3,6,1,43.0,44.0,53.0,38.0,51.0,1,1.0,1,0.0,45.0,6.271629240740546
2024-04-01,29.0,41.0,41.0,18.2,6.8,0.0,20.3,261,8.1,77,1014.7,18,22.33,4,0,0,44.0,43.0,44.0,39.0,53.0,1,1.0,0,1.0,45.857142857142854,5.5205244747369155
2024-04-02,43.0,44.0,44.0,22.5,9.6,0.0,14.2,80,9.5,71,1023.0,0,24.5,4,1,0,41.0,44.0,43.0,44.0,53.0,1,1.0,0,2.0,46.142857142857146,5.145501965422753
2024-04-03,47.0,50.0,50.0,23.0,11.4,0.0,15.3,156,10.0,70,1020.0,0,24.65,4,2,0,44.0,41.0,44.0,54.0,66.0,1,1.0,0,3.0,46.142857142857146,5.145501965422753
2024-04-04,27.0,39.0,39.0,16.0,8.4,1.6,23.0,198,8.8,79,1013.5,81,12.64,4,3,0,50.0,44.0,41.0,53.0,70.0,1,1.0,0,4.0,45.57142857142857,4.276179870596301
2024-04-05,21.0,42.0,42.0,13.6,5.7,3.9,24.5,291,4.5,72,1014.3,48,17.04,4,4,0,39.0,50.0,44.0,44.0,70.0,1,1.0,1,0.0,43.57142857142857,3.408672412982151
2024-04-06,28.0,44.0,44.0,17.5,2.7,0.0,17.8,53,3.8,68,1022.5,2,25.48,4,5,1,42.0,39.0,50.0,43.0,40.0,1,1.0,0,1.0,43.285714285714285,3.4503277967085584
2024-04-07,39.0,44.0,44.0,18.8,6.7,0.0,15.0,222,4.4,61,1018.4,42,24.35,4,6,1,44.0,42.0,39.0,44.0,38.0,1,1.0,0,2.0,43.42857142857143,3.457221565413307
2024-04-08,40.0,47.0,47.0,25.5,6.6,0.0,11.6,352,3.8,56,1014.1,0,25.67,4,0,0,44.0,44.0,42.0,41.0,39.0,1,1.0,0,3.0,43.42857142857143,3.457221565413307
2024-04-09,36.0,49.0,49.0,26.5,7.1,0.0,21.6,291,2.8,45,1017.1,0,26.09,4,1,0,47.0,44.0,44.0,44.0,44.0,1,1.0,0,4.0,44.285714285714285,3.4982989063362564
2024-04-10,57.0,67.0,67.0,28.8,12.3,0.0,16.1,140,3.9,39,1016.7,0,25.89,4,2,0,49.0,47.0,44.0,50.0,54.0,1,1.0,0,5.0,45.0,3.9157800414874955
2024-04-11,69.0,77.0,77.0,29.0,13.8,0.0,20.9,200,8.8,55,1012.1,0,25.77,4,3,0,67.0,49.0,47.0,39.0,53.0,1,1.0,0,6.0,47.42857142857143,9.216961590044757
2024-04-12,68.0,43.0,68.0,20.9,11.8,0.0,21.1,152,10.4,75,1012.6,65,20.65,4,4,0,77.0,67.0,49.0,42.0,44.0,0,1.0,0,7.0,52.857142857142854,13.58220123824456
2024-04-13,31.0,48.0,48.0,18.1,10.0,6.2,29.6,148,8.5,71,1017.1,79,8.4,4,5,1,68.0,77.0,67.0,44.0,43.0,1,0.0,1,0.0,56.57142857142857,13.673053095500066
2024-04-14,37.0,41.0,41.0,14.1,7.4,4.6,19.4,190,7.9,80,1019.8,53,9.14,4,6,1,48.0,68.0,77.0,44.0,44.0,1,1.0,1,0.0,57.142857142857146,13.133019092203197
2024-04-15,31.0,49.0,49.0,19.4,6.4,0.0,15.7,230,8.5,78,1018.6,30,23.59,4,0,0,41.0,48.0,68.0,47.0,41.0,1,1.0,0,1.0,56.714285714285715,13.671311638052325
2024-04-16,42.0,67.0,67.0,25.6,10.4,0.0,19.5,220,9.1,62,1016.3,0,26.65,4,1,0,49.0,41.0,48.0,49.0,44.0,1,1.0,0,2.0,57.0,13.453624047073085
2024-04-17,53.0,61.0,61.0,25.9,10.9,0.0,16.2,173,10.2,68,1015.6,52,26.24,4,2,0,67.0,49.0,41.0,67.0,50.0,1,1.0,0,3.0,59.57142857142857,13.38976154700667
2024-04-18,63.0,47.0,63.0,22.8,11.7,0.0,14.5,189,11.0,76,1014.8,59,21.3,4,3,0,61.0,67.0,49.0,77.0,39.0,0,1.0,0,4.0,58.714285714285715,13.021959475110204
2024-04-19,56.0,54.0,56.0,21.8,11.6,0.0,17.6,202,10.8,77,1014.7,48,24.0,4,4,0,63.0,61.0,67.0,68.0,42.0,0,0.0,0,5.0,56.714285714285715,10.594248214860661
2024-04-20,63.0,67.0,67.0,23.2,10.6,0.0,17.0,210,10.8,75,1015.9,38,23.21,4,5,1,56.0,63.0,61.0,48.0,44.0,1,0.0,0,6.0,55.0,9.363047936791155
2024-04-21,68.0,71.0,71.0,25.7,11.4,0.0,19.6,224,12.1,77,1014.4,35,25.33,4,6,1,67.0,56.0,63.0,41.0,44.0,1,1.0,0,7.0,57.714285714285715,9.7419075085296
2024-04-22,78.0,58.0,78.0,24.1,12.1,0.0,18.7,208,12.2,78,1012.3,67,23.07,4,0,0,71.0,67.0,56.0,49.0,47.0,0,1.0,0,8.0,62.0,7.505553499464149
2024-04-23,33.0,48.0,48.0,20.0,13.3,0.2,16.4,182,10.7,70,1015.6,74,16.64,4,1,0,78.0,71.0,67.0,67.0,49.0,1,0.0,0,9.0,66.14285714285714,7.128079952519515
2024-04-24,41.0,46.0,46.0,21.7,10.6,0.0,18.0,195,9.3,69,1017.4,48,23.4,4,2,0,48.0,78.0,71.0,61.0,67.0,1,1.0,0,10.0,63.42857142857143,9.846440014155712
2024-04-25,29.0,39.0,39.0,19.7,13.0,0.8,17.8,215,9.3,67,1017.4,92,18.98,4,3,0,46.0,48.0,78.0,63.0,77.0,1,1.0,0,11.0,61.285714285714285,11.884363476353297
2024-04-26,42.0,36.0,42.0,23.1,12.1,0.0,26.6,217,9.9,68,1012.9,45,21.33,4,4,0,39.0,46.0,48.0,56.0,68.0,0,1.0,0,12.0,57.857142857142854,14.484803202305079
2024-04-27,44.0,40.0,44.0,23.8,10.2,0.0,24.2,192,8.3,63,1014.3,4,27.39,4,5,1,42.0,39.0,46.0,67.0,48.0,0,0.0,0,13.0,55.857142857142854,15.69956020008756
2024-04-28,52.0,58.0,58.0,24.5,10.7,0.0,21.2,213,8.1,57,1015.1,0,27.27,4,6,1,44.0,42.0,39.0,71.0,41.0,1,0.0,0,14.0,52.57142857142857,15.382426584223609
2024-04-29,56.0,45.0,56.0,25.5,12.4,0.0,21.6,218,9.7,60,1012.2,0,27.73,4,0,0,58.0,44.0,42.0,78.0,49.0,0,1.0,0,15.0,50.714285714285715,13.450084085415332
2024-04-30,60.0,61.0,61.0,26.0,12.3,0.0,20.7,186,11.3,69,1010.7,16,26.7,4,1,0,56.0,58.0,44.0,48.0,67.0,1,0.0,0,16.0,47.57142857142857,7.067699834625169
2024-05-01,61.0,50.0,61.0,23.1,14.2,0.0,23.0,206,11.7,71,1010.6,39,25.85,5,2,0,61.0,56.0,58.0,46.0,61.0,0,1.0,0,17.0,49.42857142857143,8.715066319447107
2024-05-02,67.0,71.0,71.0,24.9,12.5,0.0,18.7,207,12.2,75,1011.6,29,24.24,5,3,0,61.0,61.0,56.0,39.0,63.0,1,0.0,0,18.0,51.57142857142857,9.536895771285442
2024-05-03,57.0,74.0,74.0,23.2,12.1,0.0,18.1,188,12.1,76,1011.4,34,22.95,5,4,0,71.0,61.0,61.0,42.0,56.0,1,1.0,0,19.0,56.142857142857146,10.155927192671285
2024-05-04,49.0,44.0,49.0,22.1,13.4,0.3,21.2,217,11.7,76,1012.3,92,15.84,5,5,1,74.0,71.0,61.0,44.0,67.0,0,1.0,0,20.0,60.714285714285715,9.928314487938684
2024-05-06,42.0,44.0,44.0,22.3,8.8,0.0,21.7,207,5.8,57,1015.5,7,28.6,5,0,0,49.0,74.0,71.0,58.0,71.0,1,0.0,0,21.0,61.42857142857143,8.618916073712466
2024-05-07,49.0,58.0,58.0,24.0,10.7,0.0,19.0,192,7.6,56,1012.5,3,28.65,5,1,0,44.0,49.0,74.0,56.0,78.0,1,1.0,0,22.0,59.42857142857143,10.875923606098857
2024-05-08,57.0,61.0,61.0,25.0,11.8,0.0,20.6,211,10.9,69,1010.5,18,26.54,5,2,0,58.0,44.0,49.0,61.0,48.0,1,1.0,0,23.0,59.714285714285715,10.796824930108516
2024-05-09,59.0,51.0,59.0,26.0,12.4,0.0,21.5,210,11.3,71,1013.1,22,24.62,5,3,0,61.0,58.0,44.0,61.0,46.0,0,1.0,0,24.0,59.714285714285715,10.796824930108516
2024-05-10,58.0,45.0,58.0,23.9,11.3,0.0,22.8,241,11.2,75,1014.0,27,27.23,5,4,0,59.0,61.0,58.0,71.0,39.0,0,0.0,0,25.0,59.42857142857143,10.783585409579615
2024-05-11,53.0,42.0,53.0,23.4,11.0,0.0,18.5,217,11.5,77,1013.4,56,24.16,5,5,1,58.0,59.0,61.0,74.0,42.0,0,0.0,0,26.0,57.57142857142857,9.501879513322493
2024-05-12,62.0,67.0,67.0,25.2,12.5,0.0,19.5,202,12.2,75,1013.3,37,26.09,5,6,1,53.0,58.0,59.0,49.0,44.0,1,0.0,0,27.0,54.57142857142857,6.187545093629345
2024-05-13,54.0,44.0,54.0,23.5,12.7,0.0,18.3,191,11.9,74,1013.8,65,24.87,5,0,0,67.0,53.0,58.0,44.0,58.0,0,1.0,0,28.0,57.142857142857146,7.151423434732444
2024-05-14,53.0,49.0,53.0,23.1,13.4,0.0,17.6,187,11.2,70,1012.9,38,26.43,5,1,0,54.0,67.0,53.0,58.0,56.0,0,0.0,0,29.0,58.57142857142857,4.649628761420787
2024-05-15,40.0,39.0,40.0,21.3,13.1,0.0,18.5,225,11.1,73,1012.9,68,19.74,5,2,0,53.0,54.0,67.0,61.0,61.0,0,0.0,0,30.0,57.857142857142854,5.113008619476467
2024-05-16,38.0,47.0,47.0,22.6,12.6,0.0,19.4,227,11.2,76,1014.1,63,22.43,5,3,0,40.0,53.0,54.0,59.0,61.0,1,0.0,0,31.0,54.857142857142854,8.1940745141132
2024-05-17,33.0,44.0,44.0,22.2,12.8,0.0,17.6,187,11.8,76,1014.3,70,22.11,5,4,0,47.0,40.0,53.0,58.0,71.0,1,1.0,0,32.0,53.142857142857146,8.434622525213491
2024-05-18,36.0,43.0,43.0,22.9,13.9,0.0,22.5,206,11.4,69,1015.2,43,27.09,5,5,1,44.0,47.0,40.0,53.0,74.0,1,1.0,0,33.0,51.142857142857146,8.745066636462605
2024-05-19,36.0,49.0,49.0,21.6,10.8,0.0,19.4,198,10.4,73,1016.5,29,24.78,5,6,1,43.0,44.0,47.0,67.0,49.0,1,1.0,0,34.0,49.714285714285715,9.196272536816691
2024-05-20,39.0,46.0,46.0,21.6,12.1,0.8,20.4,185,10.6,74,1014.8,51,21.48,5,0,0,49.0,43.0,44.0,54.0,44.0,1,1.0,0,35.0,47.142857142857146,5.209880722515291
2024-05-21,57.0,50.0,57.0,22.6,11.4,0.0,22.1,205,10.5,72,1014.0,22,26.77,5,1,0,46.0,49.0,43.0,53.0,58.0,0,1.0,0,36.0,46.0,4.242640687116793
2024-05-22,65.0,54.0,65.0,23.2,11.8,0.0,19.5,197,11.3,75,1014.2,37,25.01,5,2,0,57.0,46.0,49.0,40.0,61.0,0,0.0,0,37.0,46.57142857142857,5.442338432974073
2024-05-23,54.0,45.0,54.0,22.5,13.8,0.2,17.9,172,11.0,70,1013.5,71,21.38,5,3,0,65.0,57.0,46.0,47.0,59.0,0,0.0,0,38.0,50.142857142857146,8.008923594518654
2024-05-24,58.0,44.0,58.0,21.5,12.9,0.2,19.2,211,11.3,73,1013.1,73,17.22,5,4,0,54.0,65.0,57.0,44.0,58.0,0,0.0,0,39.0,51.142857142857146,7.988086367178604
2024-05-25,34.0,37.0,37.0,21.5,12.1,0.0,17.3,148,9.9,67,1014.9,48,24.38,5,5,1,58.0,54.0,65.0,43.0,53.0,1,0.0,0,40.0,53.142857142857146,7.646972634721019
2024-05-26,37.0,41.0,41.0,23.0,12.6,0.0,18.1,180,11.0,70,1015.9,39,23.46,5,6,1,37.0,58.0,54.0,49.0,67.0,1,1.0,0,41.0,52.285714285714285,9.159954252328076
2024-05-27,57.0,50.0,57.0,23.9,11.7,0.0,18.1,200,11.8,74,1016.4,22,26.13,5,0,0,41.0,37.0,58.0,46.0,54.0,0,1.0,0,42.0,51.142857142857146,10.090070555229266
2024-05-28,61.0,47.0,61.0,24.2,11.9,0.0,18.9,193,11.7,75,1016.7,39,27.09,5,1,0,57.0,41.0,37.0,57.0,53.0,0,0.0,0,43.0,52.714285714285715,10.011897684159418
2024-05-29,55.0,49.0,55.0,24.6,12.0,0.0,18.1,189,11.4,72,1016.1,43,25.43,5,2,0,61.0,57.0,41.0,65.0,40.0,0,0.0,0,44.0,53.285714285714285,10.403753901264531
2024-05-30,66.0,61.0,66.0,26.1,11.9,0.0,20.2,221,12.3,72,1013.5,4,29.4,5,3,0,55.0,61.0,57.0,54.0,47.0,0,0.0,0,45.0,51.857142857142854,9.136530549183952
2024-05-31,67.0,64.0,67.0,24.5,13.4,0.0,19.2,208,12.6,77,1012.4,54,24.09,5,4,0,66.0,55.0,61.0,58.0,44.0,0,0.0,0,46.0,53.57142857142857,10.612212192518083
